Dry Bulb Temp,Rel Humidity,
66.02,84,
66.92,79,
67.64,77,
67.28,79,
59.36,92,
57.92,94,
59,97,
61.519997,91,
66.74,75,
72.14,61,
77,50,
79.16,48,
79.880005,48,
78.8,52,
78.08,54,
76.82,56,
76.1,54,
74.119995,55,
71.78,57,
68.36,62,
65.66,67,
62.96,75,
61.88,79,
60.980003,85,
61.519997,84,
61.519997,85,
61.7,82,
60.44,87,
58.64,75,
57.38,77,
57.559998,77,
59.54,77,
62.780003,68,
66.92,57,
70.7,45,
73.94,36,
76.28,30,
77.72,29,
78.26,30,
77.9,35,
76.1,40,
72.86,47,
68.18,54,
63.32,61,
59,65,
56.48,71,
56.12,75,
57.38,81,
59.36,82,
60.980003,81,
61.34,77,
60.260002,76,
49.1,89,
48.2,96,
50.54,93,
52.88,89,
59,76,
63.68,69,
69.619995,63,
72.14,63,
75.56,61,
77,61,
80.24,56,
80.78,54,
80.96,52,
76.46,57,
72.5,62,
66.56,74,
64.04,79,
61.16,85,
60.44,82,
57.2,84,
55.58,80,
51.8,84,
50.9,82,
48.74,88,
54.32,93,
53.78,92,
55.4,89,
58.280003,88,
63.5,82,
69.08,77,
75.2,70,
79.7,63,
83.3,57,
84.92,53,
85.64,50,
84.560005,50,
82.76,52,
79.34,56,
75.92,62,
72.32,68,
69.8,74,
67.46,79,
65.84,84,
63.5,90,
61.519997,94,
59,97,
57.2,97,
55.22,97,
55.04,91,
55.4,92,
57.739998,91,
62.239998,86,
67.82,78,
73.76,68,
78.8,58,
82.58,50,
84.38,44,
85.1,42,
84.38,42,
83.3,45,
81.32,50,
78.98,57,
75.92,63,
72.32,70,
68.36,75,
65.3,79,
62.96,83,
61.88,86,
60.980003,88,
60.08,89,
58.280003,90,
56.48,90,
55.58,88,
55.04,93,
56.66,96,
59.9,93,
65.119995,85,
70.7,76,
75.92,68,
79.52,62,
82.04,56,
82.94,53,
83.119995,52,
82.22,52,
80.6,53,
77.54,56,
74.119995,59,
69.98,65,
66.56,71,
63.68,77,
62.239998,80,
61.16,81,
60.62,80,
59.719997,78,
58.64,78,
56.84,82,
55.4,91,
54.32,97,
55.04,96,
57.38,91,
62.06,78,
67.1,70,
72.32,63,
75.74,61,
77.9,61,
78.44,62,
78.8,60,
78.26,59,
77.9,57,
76.28,58,
74.3,61,
71.24,68,
68.54,74,
65.48,82,
63.32,85,
61.34,87,
60.260002,86,
59,86,
58.1,84,
56.66,87,
58.280003,91,
56.12,94,
56.48,94,
58.280003,94,
63.14,89,
68,83,
73.04,78,
75.56,73,
77.36,67,
77.72,61,
78.98,55,
78.98,52,
79.16,51,
76.82,54,
73.94,59,
69.44,67,
66.2,74,
63.32,79,
62.6,82,
61.88,86,
62.6,86,
62.239998,87,
62.06,87,
60.08,90,
57.92,91,
55.940002,91,
56.12,92,
58.64,88,
64.22,80,
70.880005,68,
77.72,56,
82.58,44,
85.46001,36,
85.82,31,
85.28,30,
83.479996,31,
81.68,35,
78.98,39,
76.28,43,
72.68,47,
69.44,52,
66.380005,59,
64.4,68,
63.14,75,
62.780003,83,
62.42,86,
61.88,87,
59.9,89,
57.92,78,
56.3,84,
57.2,84,
60.44,78,
66.380005,64,
72.68,52,
78.619995,42,
82.22,35,
84.38,30,
84.560005,29,
84.38,28,
83.3,30,
81.86,33,
79.16,39,
75.74,47,
71.6,57,
68.18,65,
65.119995,73,
63.86,75,
63.14,76,
63.5,72,
62.96,71,
62.06,70,
59.9,73,
56.48,88,
54.68,99,
55.58,94,
59.36,90,
66.56,70,
74.3,53,
81.32,41,
84.560005,36,
84.92,36,
82.4,39,
80.06,43,
78.08,46,
77.72,46,
77.36,44,
77,43,
74.84,46,
72.14,51,
68.18,62,
65.119995,72,
62.6,79,
61.7,80,
60.8,80,
60.260002,78,
58.46,81,
56.48,94,
55.22,99,
56.3,97,
59.36,90,
65.3,75,
71.78,61,
78.08,49,
81.5,42,
82.94,38,
82.04,37,
80.96,37,
79.52,38,
78.8,39,
77.36,41,
75.92,43,
73.04,48,
70.16,55,
66.380005,65,
63.68,73,
61.16,81,
60.260002,84,
59.36,86,
59,86,
57.739998,88,
55.76,94,
54.14,94,
55.4,99,
58.64,92,
64.94,73,
71.6,59,
77.72,47,
80.96,44,
82.58,40,
82.04,41,
81.68,40,
80.96,41,
80.6,41,
78.8,46,
76.64,51,
72.68,60,
69.08,65,
65.3,73,
62.96,76,
61.16,82,
60.62,83,
59.9,87,
59.36,85,
57.38,91,
56.84,83,
56.3,89,
58.280003,87,
61.34,84,
67.1,68,
72.5,58,
77.9,46,
80.6,41,
82.76,37,
83.119995,37,
84.38,34,
84.2,36,
84.020004,36,
81.32,42,
78.26,46,
73.58,56,
70.16,61,
66.56,69,
64.76,72,
62.42,80,
61.34,82,
59.54,88,
58.82,84,
57.2,87,
56.48,87,
55.4,91,
56.66,89,
59.9,83,
66.02,70,
72.68,56,
79.16,45,
83.3,38,
85.64,33,
85.64,31,
85.1,30,
83.3,32,
81.5,34,
78.26,39,
74.84,45,
70.7,53,
67.46,58,
64.22,67,
62.6,72,
61.16,79,
60.980003,81,
60.08,84,
59.54,83,
57.739998,87,
53.6,85,
51.26,94,
51.62,89,
55.76,85,
61.519997,67,
68.54,56,
74.48,43,
79.34,40,
82.04,33,
83.84,30,
83.84,23,
82.94,22,
80.24,19,
76.28,27,
70.34,34,
64.04,50,
58.280003,55,
55.22,66,
55.04,64,
57.739998,74,
60.8,75,
62.6,85,
61.16,82,
57.92,88,
46.4,81,
45.86,83,
48.38,75,
52.16,66,
58.82,53,
64.58,43,
70.52,34,
73.58,29,
76.1,26,
76.82,26,
78.26,27,
77.72,30,
76.64,34,
72.68,40,
68.54,45,
63.32,51,
60.44,55,
57.739998,59,
57.2,61,
55.58,64,
54.5,67,
51.8,72,
50,76,
47.3,80,
50,81,
47.48,95,
49.1,87,
52.34,77,
60.44,53,
68,42,
76.1,33,
79.880005,32,
82.94,30,
83.119995,30,
84.92,25,
84.38,24,
84.2,22,
79.880005,26,
75.56,32,
69.08,44,
65.3,51,
61.34,59,
60.44,56,
58.280003,58,
58.1,54,
55.76,60,
54.86,62,
51.62,74,
51.08,87,
49.64,94,
51.08,87,
55.04,77,
62.42,58,
70.52,45,
78.44,34,
83.479996,29,
86.53999,25,
86.9,22,
86.72,18,
85.46001,17,
83.84,17,
80.42,21,
76.28,27,
70.52,36,
65.3,44,
60.260002,54,
57.2,59,
55.22,65,
54.86,68,
54.5,74,
54.32,76,
52.7,82,
48.2,76,
45.32,90,
46.4,87,
50,77,
59.18,51,
68.36,36,
77.72,25,
82.04,22,
84.2,20,
82.76,21,
82.4,20,
80.96,21,
80.6,21,
77.54,25,
74.3,29,
68.36,40,
63.68,49,
58.1,63,
55.4,69,
52.52,78,
52.34,74,
51.440002,75,
51.98,68,
49.82,74,
44.6,92,
40.82,92,
42.8,93,
46.4,87,
56.84,59,
65.48,45,
74.119995,35,
75.56,33,
76.28,31,
73.4,30,
75.02,26,
75.2,25,
77.72,25,
75.02,30,
72.5,36,
65.48,50,
61.519997,61,
55.940002,73,
54.32,75,
50.9,78,
50.9,73,
48.559998,76,
49.1,74,
45.86,86,
47.12,95,
46.58,93,
48.559998,94,
51.08,82,
57.02,63,
62.96,48,
69.8,38,
73.58,33,
77,30,
77.36,29,
78.26,28,
76.82,29,
75.92,31,
72.68,38,
70.34,47,
66.92,58,
65.3,67,
62.239998,74,
59.9,76,
55.58,77,
52.52,74,
48.92,78,
48.02,79,
46.58,90,
51.440002,80,
50.36,85,
51.8,84,
53.96,81,
59.36,69,
64.04,60,
69.44,50,
72.14,48,
74.84,44,
75.92,44,
78.08,41,
78.08,41,
77.9,39,
74.3,42,
70.16,46,
64.4,54,
60.8,62,
57.38,73,
56.3,78,
54.68,85,
54.5,85,
53.24,85,
53.24,80,
51.8,81,
50,94,
48.92,96,
50.18,92,
53.6,78,
60.260002,62,
67.64,49,
75.2,40,
80.24,34,
83.66,31,
84.560005,28,
84.92,27,
83.84,27,
82.76,29,
80.06,32,
76.82,38,
72.32,45,
68.18,56,
63.32,67,
59.9,76,
56.66,81,
54.86,83,
53.24,84,
52.52,85,
51.08,88,
56.3,79,
53.42,89,
53.78,89,
55.4,84,
62.42,66,
69.26,53,
77.36,41,
80.96,36,
83.66,33,
83.119995,33,
84.38,32,
83.66,34,
84.38,34,
81.5,38,
78.98,41,
73.4,48,
69.8,55,
64.76,63,
62.239998,69,
58.64,75,
58.1,75,
56.84,76,
58.1,73,
56.84,76,
53.6,82,
51.440002,95,
52.7,94,
55.76,85,
62.96,65,
70.16,51,
77.72,41,
81.68,38,
84.560005,36,
84.92,37,
86.18,35,
85.64,34,
85.46001,33,
82.4,37,
79.34,42,
74.3,53,
71.06,62,
67.28,71,
65.48,72,
62.780003,72,
61.519997,67,
59.18,66,
58.1,65,
55.22,74,
62.239998,79,
60.260002,85,
60.62,85,
61.88,81,
67.82,66,
74.119995,52,
81.68,40,
85.82,33,
88.7,30,
88.16,29,
87.979996,30,
85.64,33,
84.2,36,
80.24,40,
77.36,44,
73.04,50,
70.7,54,
67.28,62,
65.84,67,
63.14,74,
62.780003,77,
61.7,79,
62.780003,77,
62.239998,78,
58.46,79,
57.2,88,
59.18,83,
62.6,75,
69.44,55,
75.2,45,
80.96,36,
82.94,37,
84.560005,36,
84.2,38,
85.46001,34,
85.28,32,
85.28,29,
81.86,32,
77.9,37,
71.96,49,
68.18,56,
64.4,65,
63.5,64,
62.06,70,
62.239998,67,
61.16,72,
60.980003,70,
59.18,77,
54.5,80,
52.34,83,
53.059998,80,
56.12,73,
62.96,59,
70.52,48,
78.44,38,
83.66,31,
86.9,27,
87.439995,24,
87.439995,23,
86.36,24,
84.92,25,
81.86,30,
78.08,34,
73.04,41,
68.54,47,
64.04,55,
61.519997,62,
59.719997,68,
59.54,72,
59,76,
58.64,75,
56.48,78,
50.36,82,
50.72,84,
54.14,78,
60.08,68,
67.64,56,
75.02,47,
80.96,42,
84.560005,39,
86.36,38,
87.08,37,
87.439995,35,
87.439995,34,
86.9,32,
84.92,33,
81.5,36,
77,42,
72.5,51,
68.18,60,
65.119995,67,
62.6,69,
60.62,68,
57.92,67,
55.04,70,
51.98,75,
57.559998,76,
57.92,79,
60.8,76,
64.4,70,
70.52,60,
75.74,53,
81.32,47,
84.2,45,
86.36,44,
86.36,45,
86.72,44,
85.46001,45,
84.38,46,
81.5,49,
79.52,53,
77,59,
76.1,62,
74.48,64,
73.04,64,
69.44,64,
59.54,65,
57.2,70,
57.02,69,
55.04,77,
55.4,79,
52.88,92,
53.96,91,
57.92,83,
66.380005,60,
75.380005,44,
83.84,29,
88.16,24,
90.14,20,
89.24,19,
88.88,17,
87.62,18,
86.9,18,
83.66,22,
79.7,26,
73.4,34,
67.82,38,
62.42,47,
59.719997,52,
58.1,62,
58.82,64,
59,71,
59.54,68,
57.38,76,
52.16,75,
50.18,85,
51.98,80,
55.4,69,
63.68,49,
71.78,37,
80.6,28,
85.28,26,
88.88,23,
89.24,22,
90.32,21,
89.42,19,
88.88,18,
85.1,20,
81.14,26,
74.84,35,
70.34,45,
65.119995,55,
62.239998,61,
58.64,65,
57.559998,62,
55.4,63,
55.04,63,
53.059998,70,
52.16,75,
49.64,93,
50.72,96,
54.68,87,
63.5,61,
72.86,42,
82.4,28,
87.62,24,
90.32,22,
89.6,24,
89.060005,25,
87.26,27,
86.36,26,
83.66,27,
80.96,28,
76.28,33,
72.32,38,
67.28,49,
64.04,56,
60.62,65,
59.36,64,
57.559998,65,
56.84,61,
54.14,67,
54.32,75,
53.24,80,
55.4,78,
59.719997,73,
67.82,58,
75.74,46,
83.84,33,
88.520004,25,
91.76,19,
92.12,16,
92.479996,14,
91.03999,15,
89.24,16,
84.74,20,
79.880005,24,
73.76,29,
69.26,34,
64.94,42,
62.96,48,
60.8,58,
60.260002,62,
58.64,69,
57.739998,69,
55.58,73,
52.52,73,
50.36,87,
52.88,80,
56.66,74,
66.02,52,
74.119995,41,
83.119995,30,
86.72,28,
89.96001,25,
89.96001,24,
92.12,19,
91.22,19,
90.68,17,
85.1,23,
79.7,29,
71.96,42,
68,48,
63.68,56,
62.96,53,
60.260002,58,
59.719997,56,
56.84,64,
56.3,63,
53.24,73,
53.42,77,
51.98,84,
54.68,78,
57.2,70,
65.48,51,
72.86,38,
82.4,26,
86.72,21,
91.03999,18,
90.68,18,
91.58,19,
88.16,24,
85.64,28,
78.8,36,
74.84,41,
69.8,46,
69.619995,45,
67.82,45,
68,43,
63.5,48,
60.62,53,
55.4,63,
54.5,67,
52.34,77,
55.4,73,
53.96,81,
57.02,76,
61.519997,65,
70.52,48,
78.26,36,
85.82,29,
88.16,26,
89.6,26,
87.8,28,
87.8,30,
86,32,
85.28,33,
81.14,35,
77.54,38,
71.96,45,
69.26,51,
66.02,58,
65.48,59,
63.14,61,
62.42,58,
59.719997,59,
58.82,59,
56.12,66,
57.559998,76,
57.92,77,
61.16,72,
65.48,64,
72.32,52,
78.08,44,
83.479996,37,
85.64,34,
86.9,32,
86,33,
85.82,34,
84.2,36,
82.76,36,
79.34,38,
76.1,41,
71.96,44,
69.619995,46,
67.1,50,
66.2,53,
64.22,58,
63.14,61,
60.8,66,
59.54,69,
57.739998,74,
57.739998,77,
57.38,84,
60.08,79,
63.32,73,
70.16,54,
75.92,42,
82.4,31,
84.74,29,
86.53999,28,
85.1,32,
84.74,33,
82.58,36,
81.32,37,
77.9,41,
76.1,42,
73.04,46,
72.5,45,
70.52,48,
69.44,48,
65.84,57,
63.32,61,
59.719997,71,
58.82,71,
57.2,77,
60.08,75,
59.719997,78,
62.239998,76,
65.84,70,
72.68,58,
78.8,48,
85.28,39,
88.34,34,
90.5,32,
89.96001,32,
89.96001,33,
87.8,36,
86,39,
81.86,42,
78.619995,44,
74.48,48,
72.86,51,
70.7,55,
70.16,59,
67.82,62,
66.380005,64,
63.5,67,
62.239998,69,
60.260002,71,
62.239998,72,
63.14,71,
65.3,70,
68.36,65,
72.68,61,
77.18,53,
82.04,46,
85.82,37,
88.7,32,
89.6,29,
89.24,30,
87.26,32,
84.560005,38,
81.14,42,
78.08,47,
75.2,51,
73.22,55,
71.24,59,
69.44,64,
67.28,66,
65.48,68,
63.5,68,
62.42,71,
61.88,70,
62.239998,77,
62.06,79,
63.86,74,
67.28,64,
72.86,52,
78.619995,42,
84.38,35,
88.16,32,
90.14,30,
90.32,31,
89.96001,31,
88.7,32,
87.439995,34,
85.46001,36,
83.3,41,
80.24,47,
77.18,54,
73.76,60,
70.880005,65,
68.18,67,
66.380005,67,
64.76,68,
63.86,69,
62.780003,73,
63.14,78,
61.7,82,
62.96,82,
65.84,77,
72.14,65,
78.08,55,
84.2,45,
87.08,37,
88.7,32,
88.16,30,
88.34,29,
87.439995,30,
86.9,32,
84.2,36,
81.5,39,
77,45,
73.76,50,
70.34,56,
68.72,61,
66.92,67,
66.74,70,
65.84,72,
65.66,74,
64.04,76,
59.719997,79,
59.36,85,
61.34,81,
64.76,75,
70.34,60,
76.46,48,
82.4,37,
86.53999,33,
89.24,30,
89.6,30,
89.060005,29,
87.08,31,
84.92,32,
82.04,38,
79.16,43,
76.28,50,
74.119995,53,
71.78,58,
70.16,59,
68.18,63,
66.56,64,
64.4,70,
62.6,71,
60.8,76,
59.36,78,
59.36,79,
60.980003,78,
64.04,69,
68.36,61,
73.22,50,
78.08,41,
82.22,31,
85.1,26,
86.72,22,
86.9,22,
85.64,23,
83.3,26,
80.06,28,
76.1,33,
72.14,39,
68.54,52,
66.02,62,
64.4,73,
63.68,73,
63.14,74,
62.6,69,
61.519997,71,
60.260002,72,
56.12,89,
56.3,88,
58.64,80,
61.34,74,
66.74,59,
71.42,49,
77,37,
80.24,30,
83.3,23,
84.2,21,
85.64,18,
84.560005,20,
83.479996,22,
79.7,29,
76.64,34,
72.68,42,
70.880005,44,
68.36,49,
66.92,52,
63.68,64,
61.16,74,
57.92,90,
56.84,92,
55.4,97,
52.52,82,
53.059998,88,
56.3,79,
61.88,65,
68.36,46,
74.84,33,
79.880005,24,
83.479996,20,
85.46001,19,
86.36,21,
86.36,21,
85.82,24,
84.2,24,
81.68,28,
78.08,33,
74.3,40,
70.7,45,
68,52,
66.2,55,
65.119995,58,
63.5,59,
61.16,63,
57.739998,66,
54.5,76,
65.48,81,
65.48,83,
65.84,81,
68,76,
70.34,69,
73.58,61,
75.92,54,
78.44,47,
79.7,40,
80.96,35,
80.96,32,
80.96,30,
79.52,31,
77.54,35,
73.4,41,
68.72,49,
63.14,59,
59.54,67,
57.559998,73,
58.82,75,
61.34,74,
64.4,73,
65.84,74,
66.380005,77,
46.940002,91,
49.46,90,
53.42,79,
57.92,68,
62.96,51,
67.82,38,
72.68,27,
76.64,24,
80.24,20,
82.4,19,
83.479996,17,
82.58,18,
80.24,18,
76.46,24,
72.86,30,
69.08,40,
66.2,46,
63.5,53,
60.62,57,
56.84,66,
53.059998,73,
49.28,84,
46.76,88,
45.86,95,
46.4,80,
48.559998,78,
52.88,71,
57.92,63,
64.04,50,
69.619995,40,
75.2,29,
79.16,23,
82.4,18,
83.84,16,
84.2,17,
82.58,16,
79.880005,21,
75.92,29,
72.32,38,
68.72,49,
66.380005,55,
63.86,60,
61.519997,62,
57.92,67,
54.14,71,
50,79,
47.12,82,
45.68,84,
48.92,88,
49.1,92,
52.52,85,
57.2,72,
64.22,56,
70.52,43,
76.28,34,
79.34,27,
81.68,25,
82.4,23,
83.479996,23,
83.119995,24,
82.4,25,
79.34,27,
75.56,32,
70.7,39,
66.92,50,
63.32,60,
61.16,68,
58.64,70,
56.66,70,
53.96,68,
51.98,71,
49.64,78,
52.52,82,
51.8,90,
54.14,83,
57.559998,74,
64.58,55,
71.06,42,
77.9,31,
81.32,27,
83.84,22,
83.84,21,
84.560005,17,
83.3,18,
82.4,19,
78.98,25,
75.92,33,
71.6,45,
69.08,51,
65.84,59,
64.04,58,
60.8,63,
58.82,63,
55.76,71,
54.68,73,
52.7,81,
52.7,78,
52.7,85,
55.22,81,
59,73,
65.66,53,
71.96,40,
78.26,30,
81.86,27,
84.38,23,
84.74,24,
85.46001,21,
84.38,22,
83.479996,22,
80.24,29,
77,36,
72.32,49,
68.9,57,
65.119995,66,
62.6,67,
59.36,72,
57.559998,69,
55.04,74,
54.14,71,
52.7,77,
52.88,89,
53.6,92,
56.84,83,
61.16,72,
67.46,54,
73.4,40,
79.16,29,
82.94,23,
85.82,20,
86.72,19,
87.26,17,
86,18,
84.020004,19,
80.24,25,
76.28,32,
71.96,42,
69.08,51,
66.2,60,
64.4,65,
61.88,71,
59.719997,74,
56.84,79,
54.86,81,
53.059998,88,
52.52,84,
53.78,85,
57.2,74,
62.96,62,
69.26,47,
75.56,38,
80.24,31,
83.66,28,
85.28,25,
86,24,
85.64,21,
85.1,21,
83.84,21,
82.22,25,
78.98,29,
75.2,38,
70.34,44,
66.2,53,
62.6,57,
60.62,64,
59,67,
57.559998,74,
55.4,77,
53.6,84,
59.54,73,
57.92,80,
59,76,
61.519997,72,
68.18,54,
74.66,43,
82.04,31,
85.64,27,
88.16,23,
87.439995,23,
87.26,21,
85.28,24,
84.2,27,
81.14,36,
78.8,46,
75.2,59,
73.4,62,
70.34,68,
68.9,65,
65.84,71,
64.58,70,
62.239998,76,
61.88,72,
60.08,76,
55.4,89,
54.32,94,
57.38,91,
61.519997,77,
69.8,51,
77.36,32,
85.1,19,
88.520004,14,
90.86,15,
89.96001,15,
89.96001,15,
87.62,14,
86.18,16,
82.04,22,
78.98,28,
74.84,40,
73.4,48,
71.24,59,
70.52,63,
67.46,72,
65.119995,74,
61.16,80,
59.18,78,
56.12,86,
66.2,79,
67.1,77,
69.08,75,
72.32,70,
76.1,64,
79.880005,59,
83.119995,53,
85.28,49,
86.53999,46,
86.72,45,
86,47,
84.38,51,
82.04,57,
79.16,64,
76.28,71,
73.76,75,
71.96,78,
70.7,77,
70.16,76,
69.8,74,
61.519997,63,
60.08,61,
58.280003,58,
55.4,63,
56.48,87,
55.58,92,
58.1,84,
62.6,71,
70.7,51,
78.44,38,
86,28,
89.78,25,
92.12,23,
91.76,22,
91.939995,20,
91.03999,19,
90.5,18,
87.62,18,
84.2,21,
78.8,27,
74.3,35,
69.26,46,
66.2,55,
62.96,66,
61.519997,71,
59.719997,77,
59,78,
57.2,84,
55.76,72,
55.22,82,
58.1,74,
63.5,60,
71.96,37,
80.42,23,
87.8,14,
91.76,13,
93.560005,14,
93.2,17,
93.020004,18,
92.479996,18,
92.3,15,
90.68,16,
87.62,16,
82.4,21,
76.64,28,
70.7,39,
66.2,49,
62.96,60,
61.34,62,
60.08,64,
59,62,
57.2,67,
56.12,70,
55.940002,77,
59.36,73,
64.94,62,
73.76,44,
82.22,31,
89.96001,20,
93.74,15,
95.72,12,
95,12,
94.82,13,
93.560005,16,
92.84,18,
89.96001,22,
86.72,24,
81.5,29,
77.18,32,
72.14,39,
68.72,44,
64.94,53,
62.96,57,
60.260002,63,
58.82,63,
56.66,69,
57.559998,70,
57.739998,75,
61.16,68,
66.56,59,
74.48,43,
81.5,33,
87.8,24,
91.03999,22,
92.84,20,
93.2,20,
93.92,19,
93.560005,20,
92.84,19,
89.6,21,
85.28,23,
79.52,28,
74.66,32,
70.34,38,
68,42,
65.84,49,
64.58,54,
62.6,61,
60.980003,62,
58.46,69,
56.12,65,
57.38,69,
60.62,65,
66.56,55,
73.4,41,
80.96,30,
87.08,21,
91.939995,18,
94.1,17,
94.64,18,
93.38,19,
91.58,21,
89.24,21,
86.9,22,
83.66,22,
79.880005,25,
75.02,30,
70.7,37,
66.56,45,
64.04,52,
61.88,55,
60.44,58,
58.46,58,
57.02,62,
57.2,59,
57.92,61,
61.7,56,
67.28,47,
75.2,35,
82.58,27,
88.88,20,
91.939995,17,
93.2,15,
92.3,15,
91.58,16,
90.14,18,
88.88,19,
86.18,21,
82.58,23,
77.72,27,
73.04,33,
68.36,40,
65.119995,47,
62.239998,52,
60.980003,53,
59.36,54,
58.46,54,
57.38,56,
57.2,56,
57.739998,63,
60.62,60,
64.94,55,
72.14,39,
79.880005,27,
87.439995,18,
92.3,15,
95,13,
95,15,
94.28,16,
92.12,19,
90.32,21,
87.26,26,
83.84,31,
79.16,39,
74.48,46,
68.9,56,
64.4,61,
60.260002,67,
57.92,66,
56.48,64,
56.66,57,
56.48,57,
52.88,88,
53.78,84,
57.02,73,
63.32,59,
70.7,45,
79.16,32,
86.36,22,
92.3,15,
95.53999,12,
96.979996,11,
96.08,11,
94.64,13,
91.76,16,
88.88,20,
84.560005,23,
79.880005,27,
74.3,32,
69.44,40,
65.119995,49,
62.6,61,
60.62,70,
59,78,
56.48,84,
54.5,87,
56.48,69,
57.92,70,
61.7,63,
67.64,51,
74.66,36,
81.5,25,
87.08,17,
90.86,13,
92.66,12,
93.2,12,
92.479996,14,
91.22,17,
89.060005,19,
86,21,
81.5,24,
76.46,29,
71.06,35,
66.74,44,
63.68,52,
62.06,59,
60.980003,61,
60.08,62,
58.64,63,
57.2,66,
57.2,74,
57.02,78,
59.9,68,
66.2,55,
73.58,36,
81.14,24,
86.72,15,
90.5,13,
91.939995,13,
92.3,15,
91.58,16,
90.68,19,
88.88,19,
86.36,22,
82.04,24,
77,31,
71.42,37,
67.82,46,
65.84,52,
66.2,59,
66.56,61,
66.2,66,
63.68,66,
60.260002,72,
58.1,77,
57.739998,80,
60.260002,73,
64.4,63,
71.96,48,
79.34,35,
86.72,27,
90.86,22,
93.74,18,
93.92,17,
94.46001,17,
93.74,18,
93.2,21,
90.5,25,
87.439995,31,
82.4,38,
78.08,45,
72.68,54,
68.9,60,
64.76,66,
62.42,70,
60.08,73,
59.54,73,
58.1,77,
59,78,
59.719997,80,
64.04,70,
68.72,62,
76.46,46,
82.4,35,
88.520004,25,
90.86,20,
93.560005,17,
93.74,16,
95.18,16,
93.92,19,
92.3,22,
86.9,29,
82.4,34,
77,42,
75.380005,42,
73.4,45,
73.4,43,
70.52,51,
68,57,
63.32,69,
60.980003,73,
58.280003,82,
60.8,66,
61.16,71,
64.04,67,
69.44,54,
76.46,39,
83.84,26,
89.96001,19,
94.28,15,
96.26,15,
96.8,17,
96.08,20,
95.18,23,
93.74,25,
91.76,26,
88.7,29,
84.92,32,
80.42,39,
76.1,46,
72.68,53,
70.34,55,
68.54,53,
66.92,51,
64.76,53,
62.42,58,
64.76,63,
64.94,68,
67.28,64,
71.6,57,
78.08,44,
84.74,32,
91.03999,23,
95,18,
97.34,16,
97.520004,16,
97.16,17,
95.9,18,
94.64,19,
92.12,21,
89.060005,23,
84.92,27,
80.78,31,
76.28,39,
73.04,46,
70.34,53,
68.72,57,
67.28,60,
66.380005,59,
65.3,61,
62.6,68,
62.780003,72,
66.02,65,
70.7,55,
77.72,39,
84.020004,30,
89.96001,22,
93.020004,21,
95.36,20,
95.72,21,
96.62,19,
95.9,19,
94.64,18,
90.68,22,
86.53999,24,
81.32,32,
77.9,35,
74.84,41,
73.4,42,
71.24,49,
69.8,51,
67.1,59,
65.3,61,
62.96,68,
61.519997,60,
61.7,66,
64.58,60,
69.44,51,
76.46,35,
83.479996,25,
89.96001,17,
93.92,15,
96.08,13,
96.08,14,
95.53999,14,
93.92,15,
92.12,16,
89.060005,20,
85.46001,25,
80.96,33,
76.82,38,
72.86,44,
70.16,45,
68,47,
66.56,47,
65.119995,49,
63.86,50,
62.239998,56,
58.64,63,
60.08,60,
64.04,51,
69.08,40,
76.46,29,
83.119995,21,
89.96001,15,
94.1,13,
97.34,12,
98.24,12,
98.96001,14,
97.88,15,
96.439995,17,
92.84,20,
89.060005,24,
84.2,29,
80.42,34,
75.92,40,
72.32,45,
67.82,50,
64.4,54,
60.8,60,
59.18,62,
57.739998,66,
61.88,67,
62.6,72,
65.84,64,
70.7,54,
77.72,37,
84.38,27,
90.86,18,
94.82,16,
97.34,14,
97.88,14,
97.88,12,
96.62,12,
95,13,
91.76,18,
88.16,24,
83.479996,35,
79.52,40,
75.2,46,
72.14,46,
68.9,50,
66.74,50,
64.4,57,
63.14,57,
61.88,66,
57.739998,67,
59.54,63,
63.68,56,
69.8,41,
76.64,31,
83.479996,20,
89.24,15,
93.74,12,
96.8,11,
98.6,11,
98.96001,11,
98.060005,12,
95.9,14,
92.479996,14,
88.16,17,
83.479996,21,
78.8,33,
74.84,44,
71.6,55,
68.9,56,
66.2,56,
63.32,51,
60.44,56,
58.280003,59,
59.9,74,
60.980003,75,
64.76,65,
70.52,53,
78.26,37,
85.82,26,
92.84,17,
97.520004,14,
100.4,12,
101.12,12,
100.939995,10,
99.5,11,
97.34,12,
94.1,16,
90.14,21,
85.64,29,
81.32,35,
77.18,42,
73.76,46,
70.52,53,
67.64,57,
64.76,63,
62.42,66,
60.44,73,
62.96,66,
63.68,69,
66.380005,63,
70.880005,55,
77.36,40,
84.2,29,
90.86,20,
95.72,17,
98.78,14,
99.68,14,
99.5,13,
98.060005,13,
96.08,14,
93.2,20,
89.6,27,
85.28,38,
80.96,45,
76.46,53,
72.68,56,
69.44,61,
67.28,60,
65.48,64,
64.22,62,
63.14,66,
62.06,71,
63.68,69,
68.36,59,
74.3,48,
81.5,36,
87.979996,29,
93.2,23,
96.26,21,
98.42,19,
99.5,19,
100.58,18,
100.4,19,
99.32,21,
96.08,27,
91.76,34,
86.36,43,
81.86,48,
77.72,52,
74.84,53,
71.96,56,
69.619995,58,
66.56,64,
64.22,67,
62.06,73,
68,65,
69.08,68,
71.96,63,
76.28,53,
81.86,40,
87.26,30,
92.12,23,
95.36,20,
97.16,19,
97.88,20,
98.24,20,
97.88,20,
97.16,20,
95.18,21,
91.939995,24,
87.439995,29,
82.58,35,
77.9,42,
74.119995,48,
71.42,52,
69.98,54,
68.9,56,
68.36,57,
67.82,62,
63.32,56,
65.84,53,
70.7,48,
76.64,42,
82.94,36,
88.34,31,
92.84,25,
96.08,22,
98.42,19,
99.68,18,
100.03999,18,
98.78,19,
96.26,22,
92.3,26,
88.34,29,
84.560005,33,
82.22,34,
80.24,36,
78.8,37,
76.28,40,
73.04,44,
68.9,50,
65.3,54,
63.14,57,
68,53,
69.619995,61,
72.86,59,
76.28,55,
81.14,42,
85.64,31,
90.32,22,
93.38,18,
95.72,16,
96.439995,17,
96.8,17,
95.53999,19,
94.1,20,
91.03999,25,
88.520004,31,
85.28,41,
83.119995,48,
80.24,55,
77.72,56,
74.119995,57,
71.06,53,
68,52,
66.92,47,
66.56,51,
64.76,72,
64.58,80,
67.82,74,
73.76,63,
81.32,44,
88.34,31,
93.92,20,
96.979996,17,
98.6,16,
99.32,18,
100.03999,18,
100.03999,20,
99.32,19,
96.62,20,
92.3,20,
86.9,24,
82.04,25,
78.26,32,
76.46,36,
75.74,44,
75.02,48,
73.4,55,
70.7,58,
67.1,66,
65.48,59,
66.92,62,
70.52,57,
75.2,48,
81.5,35,
87.26,26,
92.84,19,
96.439995,17,
99.14,16,
100.03999,17,
100.4,18,
99.32,18,
97.520004,18,
94.1,20,
90.68,23,
86.72,28,
83.84,33,
80.78,38,
78.44,41,
75.2,45,
72.32,46,
69.08,49,
66.92,50,
65.3,56,
67.64,56,
69.26,57,
72.5,53,
76.64,48,
81.68,39,
86.53999,33,
91.03999,28,
94.1,26,
96.26,25,
96.8,26,
96.439995,26,
94.46001,29,
92.12,32,
88.88,39,
86,46,
83.3,54,
81.5,58,
79.7,60,
78.08,58,
75.56,56,
73.04,53,
70.16,54,
68.18,53,
67.1,55,
65.84,70,
66.74,76,
69.98,68,
74.48,60,
80.78,40,
86.72,29,
92.479996,18,
96.08,16,
98.42,15,
98.6,18,
97.88,19,
95.72,23,
93.2,25,
89.6,32,
86.36,37,
83.119995,46,
80.78,47,
78.619995,50,
77,48,
74.66,54,
72.5,56,
69.8,64,
67.82,64,
66.02,71,
68.72,53,
69.619995,57,
71.6,57,
74.119995,54,
77.9,46,
81.68,38,
86,30,
89.24,26,
91.939995,22,
92.84,21,
92.84,21,
91.4,23,
89.24,25,
86.36,30,
83.66,35,
80.96,40,
78.98,44,
77,47,
75.2,47,
72.86,49,
71.06,47,
69.26,49,
68.54,49,
68.18,51,
60.260002,74,
62.239998,72,
65.66,67,
70.880005,55,
76.28,43,
82.04,31,
86.72,22,
90.68,18,
93.2,16,
94.64,18,
94.64,21,
93.92,25,
92.12,29,
89.78,32,
86.53999,34,
82.76,36,
78.26,41,
74.48,46,
70.7,53,
68,57,
65.66,61,
63.68,63,
61.519997,67,
60.44,70,
61.34,69,
65.119995,61,
71.06,48,
77,40,
83.119995,30,
87.62,25,
91.4,20,
93.560005,18,
95.53999,16,
96.8,16,
97.88,15,
97.16,16,
95.36,18,
91.4,24,
87.62,29,
83.479996,35,
80.96,36,
78.619995,38,
76.46,38,
72.86,45,
68.72,53,
64.04,67,
60.980003,73,
59.54,78,
62.6,59,
63.86,62,
67.64,56,
73.4,46,
80.24,32,
86.72,23,
91.76,17,
94.64,15,
96.08,15,
96.08,17,
95.9,17,
95.18,18,
93.92,19,
91.58,23,
88.34,27,
84.2,35,
80.24,40,
76.46,46,
73.76,47,
71.42,50,
69.44,49,
67.1,52,
64.94,52,
63.14,57,
66.92,55,
66.74,61,
69.44,58,
73.76,52,
80.96,38,
87.62,27,
93.560005,18,
96.08,15,
97.16,14,
96.08,15,
95.53999,17,
93.74,20,
92.479996,22,
89.24,27,
85.64,30,
80.6,35,
76.82,37,
73.04,43,
71.24,44,
69.44,50,
69.26,50,
68.36,53,
68.36,51,
67.1,55,
63.32,49,
64.4,51,
68,48,
72.32,45,
78.8,36,
84.560005,29,
90.32,21,
93.38,17,
95.9,14,
96.08,15,
96.439995,15,
94.64,18,
92.84,20,
88.88,26,
85.46001,30,
81.68,35,
79.7,35,
77.36,37,
75.92,36,
72.68,40,
69.98,42,
66.2,47,
64.4,48,
62.6,51,
63.68,48,
66.56,47,
70.52,43,
76.28,37,
81.32,30,
86.18,25,
89.24,20,
91.58,18,
92.12,18,
92.479996,19,
91.76,20,
91.22,22,
89.78,25,
88.520004,29,
85.82,33,
82.76,39,
78.44,43,
74.84,47,
71.24,48,
69.08,49,
67.1,49,
65.84,49,
64.04,48,
63.5,49,
60.8,61,
63.14,60,
67.28,55,
72.68,47,
78.26,39,
83.84,30,
88.16,25,
91.58,20,
93.560005,18,
94.64,17,
94.64,18,
93.92,20,
92.479996,24,
90.68,27,
87.979996,33,
85.1,39,
81.68,46,
78.08,53,
74.48,58,
71.06,58,
67.46,57,
64.4,54,
61.88,55,
60.44,58,
64.76,75,
66.92,72,
70.880005,64,
76.64,57,
82.4,45,
88.16,36,
92.3,27,
95.53999,21,
96.979996,16,
97.520004,14,
96.8,14,
95.53999,17,
93.560005,22,
91.4,31,
88.7,36,
86,41,
82.76,40,
80.06,38,
77.36,36,
75.02,42,
72.32,50,
69.8,63,
66.92,71,
65.119995,78,
64.76,52,
68.18,52,
72.68,47,
78.8,43,
83.479996,35,
88.16,29,
91.03999,22,
94.28,18,
96.08,14,
97.88,13,
97.520004,12,
96.62,16,
93.92,21,
91.58,30,
87.8,38,
84.74,45,
80.78,46,
78.08,45,
75.2,41,
73.58,41,
71.06,41,
69.08,46,
66.02,48,
64.76,53,
66.2,67,
67.46,68,
70.34,66,
75.92,57,
81.68,46,
87.979996,35,
92.479996,27,
96.26,21,
97.520004,19,
97.88,19,
96.26,22,
94.46001,26,
91.76,31,
89.6,34,
86.36,38,
83.479996,41,
79.880005,45,
77.36,49,
75.2,53,
74.48,54,
73.4,54,
72.32,54,
69.8,58,
67.82,61,
68.36,68,
70.34,68,
73.58,63,
78.44,53,
83.479996,40,
88.7,31,
92.84,24,
96.439995,21,
98.42,19,
99.32,20,
98.42,20,
96.62,22,
93.92,24,
91.4,28,
88.16,33,
85.64,39,
82.76,45,
80.6,50,
78.26,53,
76.64,55,
74.48,56,
72.5,58,
70.16,60,
68.72,65,
68.72,64,
69.98,61,
72.14,56,
75.92,49,
80.24,41,
85.1,33,
89.6,26,
93.38,22,
95.72,18,
96.8,18,
96.26,18,
94.82,20,
92.479996,23,
89.78,29,
86.72,34,
83.479996,40,
80.24,45,
77.36,50,
74.84,53,
73.04,59,
71.6,62,
70.52,66,
69.44,66,
68.72,67,
68,70,
70.34,67,
74.48,56,
79.52,47,
84.74,34,
89.24,26,
92.84,20,
95.18,19,
96.979996,17,
97.88,18,
98.24,16,
97.520004,17,
95.9,18,
93.020004,24,
89.6,29,
86,37,
82.94,40,
80.24,45,
78.08,44,
75.92,51,
73.4,55,
70.880005,66,
68.72,69,
67.46,75,
67.1,58,
69.08,60,
73.22,53,
78.44,47,
84.92,33,
90.86,24,
96.08,16,
99.5,15,
101.479996,13,
101.84,15,
101.479996,15,
100.03999,17,
98.24,19,
95.36,25,
92.479996,28,
89.060005,34,
86.18,34,
82.94,36,
79.880005,35,
76.28,41,
73.04,45,
69.8,54,
67.64,56,
66.380005,60,
69.8,53,
72.14,52,
76.46,45,
82.04,38,
87.62,29,
92.479996,23,
96.08,17,
98.6,15,
99.86,14,
100.4,16,
99.86,16,
98.78,19,
96.8,21,
94.28,25,
91.03999,27,
87.8,31,
84.38,33,
81.86,35,
79.52,35,
77.9,38,
75.92,41,
73.76,46,
71.24,49,
69.8,54,
69.44,48,
72.5,48,
77,41,
82.4,34,
87.439995,26,
92.3,20,
95.72,16,
98.6,15,
100.4,13,
101.479996,13,
101.12,13,
100.22,14,
97.88,16,
95,22,
91.22,28,
87.439995,37,
83.3,43,
79.880005,46,
76.64,45,
74.48,42,
72.14,41,
70.52,41,
68.9,43,
68.54,47,
66.92,60,
68.72,57,
72.68,49,
77.72,43,
83.84,32,
89.060005,26,
93.92,18,
96.979996,16,
99.5,13,
100.76,13,
101.66,12,
100.939995,14,
99.32,16,
95.9,22,
92.12,26,
87.8,31,
84.560005,31,
81.5,32,
79.16,33,
76.28,41,
73.76,47,
70.52,59,
68.18,62,
66.56,66,
68.36,44,
70.34,40,
73.94,36,
79.52,29,
85.28,24,
91.22,19,
95.72,16,
98.96001,14,
100.22,14,
100.4,15,
98.96001,17,
97.34,20,
95,22,
92.84,22,
89.96001,23,
87.08,23,
83.66,26,
80.78,29,
77.9,33,
75.92,36,
73.76,39,
71.96,40,
69.8,43,
68.72,43,
65.119995,53,
67.28,47,
71.24,41,
77.36,30,
83.66,23,
89.96001,17,
94.28,16,
97.34,15,
98.24,17,
98.24,19,
96.8,23,
95.36,25,
93.020004,27,
90.86,26,
87.439995,29,
83.84,30,
79.52,38,
76.1,43,
73.04,50,
71.6,47,
69.98,46,
68.9,42,
66.92,45,
65.66,47,
65.48,57,
67.1,55,
70.880005,47,
76.46,38,
82.76,29,
88.7,24,
93.2,21,
96.08,21,
97.520004,20,
97.88,19,
97.7,17,
96.8,17,
95,18,
92.12,23,
88.520004,32,
84.560005,43,
80.96,52,
78.08,58,
75.92,57,
74.119995,55,
72.32,51,
70.16,52,
67.82,53,
66.02,57,
66.2,69,
68.72,65,
73.22,51,
79.16,42,
85.28,28,
91.22,21,
95.9,16,
99.5,17,
101.84,17,
102.92,19,
102.38,18,
100.58,20,
97.520004,20,
93.92,26,
90.5,31,
87.439995,38,
85.1,37,
83.3,39,
81.32,37,
78.98,44,
75.74,49,
71.96,63,
68.36,68,
66.2,75,
70.16,44,
73.58,39,
77.18,35,
82.04,33,
84.74,32,
87.979996,32,
89.96001,31,
93.74,30,
96.439995,27,
99.32,25,
98.96001,24,
98.060005,25,
94.64,27,
92.3,31,
88.7,35,
86.72,37,
83.66,36,
82.4,34,
80.24,32,
79.52,32,
77,35,
75.2,40,
71.78,44,
70.52,46,
72.5,53,
74.3,51,
77.72,44,
81.68,37,
86.18,29,
90.14,23,
93.38,20,
95.53999,19,
96.979996,19,
97.520004,19,
97.520004,19,
96.439995,21,
94.64,23,
91.76,29,
88.520004,37,
85.1,46,
82.58,53,
80.42,56,
78.8,55,
77.18,51,
75.56,47,
73.76,46,
72.5,47,
71.78,51,
73.4,50,
74.84,47,
77.18,40,
80.24,35,
84.2,28,
88.34,23,
92.3,18,
95.18,17,
97.16,15,
97.7,15,
97.520004,14,
96.08,16,
93.92,19,
90.86,27,
87.62,34,
84.2,44,
81.14,49,
78.44,53,
76.28,53,
74.3,54,
73.22,54,
72.32,56,
72.32,54,
72.5,54,
67.28,72,
68.9,72,
73.04,62,
78.08,52,
84.560005,38,
89.78,29,
94.64,21,
97.16,18,
98.96001,16,
99.14,17,
99.32,18,
97.7,21,
95.36,24,
91.22,31,
87.26,38,
83.3,46,
81.14,49,
79.34,50,
78.44,48,
76.46,50,
74.3,52,
71.06,60,
68.72,65,
66.92,72,
69.8,61,
71.06,60,
74.3,56,
78.8,48,
84.2,38,
89.060005,30,
93.2,23,
95.9,19,
97.7,18,
98.6,20,
99.14,22,
98.78,24,
97.7,24,
95.18,24,
91.76,23,
87.979996,23,
84.74,26,
81.86,31,
79.7,38,
77.54,46,
75.74,52,
73.4,58,
71.42,60,
69.98,61,
70.52,47,
72.86,44,
76.46,40,
81.68,33,
86.36,30,
91.03999,28,
94.28,27,
97.16,26,
98.060005,26,
98.060005,24,
95.72,26,
92.66,28,
88.520004,34,
85.1,40,
81.68,49,
79.7,56,
77.72,65,
77,67,
76.28,64,
76.28,55,
75.2,48,
74.119995,42,
71.96,43,
70.880005,44,
68.72,85,
69.619995,85,
73.4,75,
77.9,62,
84.2,46,
89.6,34,
94.46001,24,
96.8,20,
98.42,18,
98.24,20,
98.42,23,
96.979996,27,
95.53999,32,
92.12,39,
89.060005,44,
85.28,52,
83.119995,55,
80.96,58,
79.880005,59,
77.54,63,
75.56,66,
72.5,74,
70.52,77,
68.54,84,
73.76,79,
75.02,75,
77.54,65,
80.96,53,
85.64,41,
90.14,33,
94.64,27,
97.7,24,
99.68,23,
100.03999,23,
99.5,24,
97.34,27,
94.64,33,
90.86,41,
87.439995,50,
84.2,60,
82.22,67,
80.42,70,
79.16,70,
77.36,70,
75.92,70,
74.3,73,
73.58,76,
73.04,80,
74.48,76,
76.1,66,
78.08,54,
81.32,43,
84.92,35,
90.14,29,
95,26,
99.68,24,
102.020004,23,
101.84,23,
98.6,23,
94.28,26,
89.78,31,
87.26,37,
86,44,
86.18,50,
85.82,55,
84.92,60,
82.58,65,
80.24,70,
77.36,77,
75.56,81,
74.119995,85,
74.119995,82,
75.92,76,
77.72,70,
79.880005,64,
82.58,61,
84.2,56,
86.18,51,
88.16,42,
91.76,34,
95.36,25,
99.32,20,
100.939995,17,
100.939995,19,
97.88,24,
94.1,34,
89.42,44,
86,53,
83.479996,54,
82.94,53,
82.58,52,
82.94,56,
77.54,72,
74.48,81,
75.380005,79,
72.86,87,
72.68,90,
73.04,88,
74.119995,85,
77,77,
79.880005,69,
83.3,61,
86,54,
88.88,48,
90.5,45,
91.76,43,
91.58,43,
91.03999,45,
89.24,48,
87.26,51,
84.2,56,
81.32,61,
78.08,69,
76.1,76,
74.84,81,
75.2,83,
75.56,83,
75.92,83,
74.84,86,
73.94,87,
69.8,89,
70.34,91,
73.22,82,
76.28,76,
81.32,62,
85.64,52,
90.32,41,
92.84,36,
95.18,30,
96.08,28,
97.34,26,
96.8,28,
95.72,32,
92.3,40,
88.88,50,
84.560005,63,
82.04,70,
79.52,76,
78.08,76,
75.56,80,
73.76,82,
71.24,88,
70.34,88,
69.08,92,
71.6,84,
73.94,77,
77,69,
81.68,58,
85.46001,49,
89.78,39,
92.479996,32,
95.53999,27,
96.62,25,
97.16,25,
95.36,29,
93.38,34,
89.96001,42,
87.62,49,
84.560005,57,
82.4,62,
79.52,68,
77.72,73,
75.92,77,
75.56,77,
74.66,79,
74.119995,79,
72.32,83,
71.78,84,
69.44,76,
70.34,83,
73.22,78,
76.28,76,
81.32,59,
85.46001,48,
89.96001,34,
92.3,30,
94.64,24,
95.36,25,
96.62,23,
95.72,26,
94.64,28,
90.86,38,
87.439995,45,
83.119995,59,
80.78,62,
78.08,70,
76.64,70,
73.94,80,
71.96,83,
69.44,91,
68.9,83,
68.18,84,
73.04,78,
75.02,73,
78.26,63,
82.4,51,
86.72,39,
90.5,30,
93.560005,24,
95.53999,23,
96.439995,25,
96.439995,29,
95.53999,32,
93.74,35,
91.4,36,
88.7,36,
85.82,35,
83.119995,37,
80.96,39,
79.34,45,
78.08,51,
77,60,
75.74,65,
74.48,72,
73.22,75,
72.5,79,
68,70,
71.24,60,
76.64,49,
83.84,36,
89.6,29,
94.1,23,
95.9,20,
97.34,18,
97.520004,19,
98.6,20,
98.6,23,
98.6,26,
96.62,30,
94.1,31,
89.42,34,
85.28,35,
80.96,38,
78.619995,42,
77.36,46,
77.54,48,
76.46,52,
74.84,56,
71.24,64,
68.9,68,
69.08,58,
72.68,54,
78.26,45,
84.92,34,
90.5,26,
94.82,19,
97.16,17,
98.96001,16,
99.86,17,
100.76,19,
100.76,22,
100.22,25,
97.88,31,
94.82,36,
90.68,45,
87.08,55,
83.66,65,
81.86,69,
80.24,68,
79.16,59,
76.82,53,
74.119995,48,
70.7,50,
68.9,54,
70.52,77,
74.66,71,
80.96,56,
87.8,45,
94.28,29,
99.14,22,
102.560005,16,
104.53999,16,
105.62,16,
105.8,19,
105.439995,19,
104,21,
101.84,21,
98.78,27,
95.53999,31,
92.479996,39,
89.96001,42,
87.8,46,
85.28,48,
82.04,56,
78.08,62,
73.76,75,
70.34,79,
69.08,83,
80.24,53,
83.119995,45,
87.439995,36,
92.12,26,
96.8,21,
100.03999,17,
102.2,17,
102.74,18,
102.2,20,
101.12,23,
99.86,26,
98.24,27,
96.439995,28,
93.92,27,
91.4,27,
88.88,27,
86.9,30,
85.1,33,
83.84,37,
82.4,40,
80.96,45,
79.52,49,
78.619995,53,
78.619995,55,
77.72,61,
78.619995,65,
80.06,65,
82.76,59,
85.28,53,
88.16,45,
90.5,42,
93.2,38,
95,37,
96.439995,36,
96.26,38,
95.36,38,
92.84,42,
89.96001,45,
86.36,53,
83.119995,61,
80.06,71,
78.44,74,
77.72,72,
78.26,62,
78.619995,54,
79.16,47,
78.619995,49,
78.08,53,
72.68,81,
74.119995,80,
77.36,72,
81.32,63,
86.36,48,
90.86,37,
94.64,29,
96.8,26,
98.060005,25,
98.24,28,
98.060005,30,
96.979996,34,
95.36,37,
92.3,44,
89.060005,48,
85.28,56,
82.4,60,
79.7,66,
78.08,68,
76.46,73,
75.2,75,
73.76,79,
72.86,79,
72.14,82,
70.16,81,
72.5,76,
77,61,
83.479996,45,
89.24,31,
93.74,23,
95.72,18,
96.439995,18,
96.26,20,
96.439995,25,
96.62,27,
96.979996,29,
96.08,29,
94.1,31,
90.32,33,
86,37,
81.5,39,
78.8,43,
77.36,45,
77.36,50,
76.82,56,
75.56,65,
73.04,73,
70.880005,82,
69.44,72,
72.32,72,
77.18,61,
82.04,48,
87.62,32,
91.939995,23,
95.36,17,
96.8,18,
97.7,19,
97.520004,22,
97.520004,22,
95.9,23,
93.92,24,
90.14,28,
86.36,36,
82.4,48,
79.880005,57,
77.72,64,
76.28,63,
73.94,62,
71.78,57,
69.08,59,
68,61,
67.46,69,
69.44,83,
72.14,76,
77,62,
82.04,50,
87.8,37,
92.12,30,
95.72,25,
97.34,23,
98.78,21,
98.96001,21,
99.32,21,
98.42,23,
96.8,26,
93.560005,34,
90.14,42,
86.36,51,
83.84,55,
81.32,59,
79.52,58,
76.82,62,
74.119995,67,
70.880005,77,
69.08,82,
68,88,
66.56,84,
69.619995,74,
75.02,59,
82.4,41,
88.88,29,
93.92,21,
96.439995,17,
97.7,16,
97.520004,18,
97.520004,22,
96.8,27,
96.08,32,
94.28,37,
91.939995,41,
88.34,45,
84.92,51,
81.5,57,
79.7,62,
78.44,65,
77.9,66,
76.28,66,
73.76,69,
69.98,76,
67.28,82,
73.76,79,
74.66,79,
76.82,74,
79.52,66,
83.119995,57,
86.72,48,
90.14,43,
92.66,39,
94.64,38,
95.36,39,
95.53999,42,
94.28,45,
92.12,50,
88.88,56,
85.64,63,
82.4,71,
80.24,77,
78.619995,81,
77.72,82,
76.82,78,
75.92,76,
74.84,74,
74.119995,74,
73.4,77,
75.2,78,
75.92,77,
77.72,73,
79.880005,71,
82.4,68,
84.92,64,
87.08,61,
88.7,57,
89.96001,54,
90.68,51,
90.86,50,
90.14,50,
88.520004,53,
86,58,
83.479996,63,
80.96,69,
79.34,72,
78.44,75,
78.08,76,
77.72,78,
77.18,79,
76.28,81,
75.56,81,
75.02,80,
74.119995,82,
75.56,77,
77.54,72,
80.24,68,
82.58,63,
84.92,58,
86.9,53,
89.060005,48,
90.68,44,
92.12,41,
91.939995,41,
91.03999,42,
88.520004,46,
85.64,52,
82.22,58,
79.52,63,
77.18,68,
76.1,71,
75.56,74,
75.92,76,
75.74,80,
75.56,83,
74.66,85,
74.119995,85,
73.04,82,
74.3,79,
76.46,72,
78.8,65,
81.86,58,
84.560005,52,
87.439995,47,
89.6,44,
91.4,42,
92.12,41,
92.3,40,
91.22,41,
89.24,43,
86.36,47,
83.479996,53,
80.6,61,
78.8,67,
77.18,72,
76.28,74,
75.02,77,
73.94,79,
72.68,82,
72.14,84,
72.14,84,
74.48,79,
75.56,76,
77.72,70,
80.6,65,
84.020004,60,
87.08,55,
89.6,52,
91.03999,49,
91.939995,47,
92.12,46,
91.939995,47,
90.86,48,
89.24,52,
86.72,56,
83.84,61,
80.96,66,
78.8,70,
77.36,72,
76.64,74,
76.1,76,
75.92,76,
75.2,78,
74.66,80,
74.119995,81,
75.56,81,
76.46,79,
78.44,75,
80.6,70,
83.84,63,
86.53999,57,
89.6,51,
91.4,46,
92.84,43,
93.2,41,
93.38,42,
92.12,44,
90.32,48,
87.26,53,
84.38,59,
81.32,65,
79.7,69,
78.26,73,
77.72,75,
76.64,77,
75.92,79,
74.84,81,
74.66,83,
74.66,83,
75.92,74,
77.18,73,
78.8,71,
80.96,69,
83.119995,65,
85.82,60,
88.520004,53,
91.4,47,
93.2,42,
93.92,40,
92.66,40,
90.86,43,
88.16,48,
86.18,54,
84.38,59,
83.479996,64,
82.22,67,
81.32,71,
79.880005,74,
78.8,76,
77.36,78,
76.64,77,
75.74,77,
75.74,75,
76.64,80,
76.82,80,
78.26,77,
79.7,75,
82.76,67,
85.82,59,
89.6,51,
92.12,46,
94.28,42,
95,41,
95.36,41,
93.74,44,
91.76,48,
88.34,54,
85.46001,60,
82.76,66,
81.68,67,
80.78,70,
80.6,70,
79.34,75,
78.44,78,
77,83,
76.64,83,
76.1,83,
74.84,81,
75.02,81,
77.18,77,
79.880005,71,
84.2,62,
88.16,53,
92.12,44,
94.46001,37,
96.26,33,
96.439995,32,
96.439995,34,
95.36,38,
93.92,43,
91.22,50,
88.88,56,
86.36,61,
84.92,65,
83.479996,69,
82.76,71,
81.14,73,
79.7,75,
77.72,76,
76.46,78,
75.02,80,
77.36,79,
77.54,78,
79.34,74,
82.04,67,
86,56,
89.96001,47,
93.560005,40,
95.72,36,
97.16,34,
97.16,35,
96.8,38,
95.18,42,
93.2,48,
90.14,55,
87.439995,59,
84.560005,65,
82.94,68,
81.86,70,
81.68,71,
81.14,73,
80.6,75,
79.52,78,
78.619995,79,
77.54,80,
75.92,77,
77,73,
79.34,64,
81.68,58,
84.74,49,
87.439995,43,
90.5,37,
93.020004,35,
95.9,33,
97.88,34,
99.32,33,
98.6,36,
96.439995,40,
92.3,48,
88.520004,54,
84.92,61,
83.3,59,
82.4,59,
82.4,56,
81.32,62,
79.880005,68,
77.72,79,
76.28,82,
75.380005,84,
76.28,70,
77,71,
78.98,69,
81.32,65,
85.1,58,
88.520004,50,
92.3,43,
94.82,38,
96.979996,36,
97.88,35,
98.42,37,
97.16,40,
95.36,45,
91.76,52,
88.7,58,
85.28,66,
83.479996,70,
82.04,72,
81.32,73,
79.880005,73,
78.8,71,
77,70,
76.28,69,
75.74,69,
76.64,80,
77.36,78,
79.34,73,
82.04,68,
85.46001,61,
88.7,57,
91.76,52,
93.92,49,
95.36,46,
95.72,45,
95.18,45,
93.560005,47,
91.4,51,
88.7,55,
86,60,
83.479996,66,
81.68,69,
80.6,71,
79.880005,73,
79.34,74,
78.8,76,
78.08,79,
77.36,80,
76.64,81,
78.08,79,
78.44,78,
79.7,76,
81.32,72,
84.020004,66,
86.9,59,
89.96001,53,
92.12,48,
94.1,44,
95,41,
95.36,40,
94.46001,41,
92.84,44,
89.96001,49,
87.08,56,
84.2,63,
82.4,69,
81.14,72,
80.6,74,
79.7,75,
79.34,75,
78.44,76,
78.26,77,
77.72,79,
77.36,79,
78.619995,75,
80.42,70,
82.76,65,
85.28,59,
87.439995,56,
89.6,52,
91.4,49,
93.2,46,
94.28,44,
94.64,42,
93.92,42,
92.12,45,
89.24,51,
86.18,58,
83.479996,65,
81.5,70,
80.42,73,
79.880005,74,
79.52,74,
78.98,74,
78.08,76,
77.36,78,
77,79,
76.64,77,
77.72,75,
79.34,72,
81.68,68,
84.2,62,
86.72,57,
89.24,52,
91.58,47,
93.560005,42,
95,40,
95.36,38,
94.46001,39,
92.479996,42,
89.6,48,
86.36,54,
83.479996,62,
81.32,68,
80.24,70,
79.52,71,
79.16,72,
79.880005,81,
78.08,84,
76.46,88,
75.380005,89,
76.64,80,
77.9,76,
82.4,62,
87.26,49,
93.92,35,
98.6,28,
102.2,23,
102.38,25,
102.38,27,
100.76,32,
100.76,34,
99.32,38,
98.24,41,
94.64,48,
91.4,56,
87.439995,68,
86,72,
84.560005,77,
84.92,74,
83.479996,75,
82.4,73,
79.52,78,
77.9,79,
75.92,83,
81.5,80,
83.3,76,
82.94,76,
86,69,
86.9,66,
91.76,57,
95.36,49,
101.66,40,
102.74,36,
101.84,35,
93.38,41,
85.46001,52,
76.28,70,
73.94,81,
72.68,87,
75.92,81,
75.92,80,
77.72,76,
76.64,78,
79.16,77,
79.7,80,
82.76,79,
82.04,81,
83.119995,79,
75.92,88,
76.64,89,
78.619995,89,
80.6,82,
83.3,78,
85.28,71,
87.439995,68,
88.88,61,
90.86,59,
92.12,56,
93.38,57,
92.3,57,
89.96001,61,
85.28,61,
80.42,68,
76.1,73,
74.3,85,
74.119995,89,
75.56,90,
76.46,82,
77.18,77,
76.64,70,
76.28,73,
75.380005,78,
76.28,88,
77.18,86,
78.8,84,
80.6,80,
82.76,75,
84.92,69,
87.439995,63,
89.96001,56,
92.84,50,
95,46,
96.439995,44,
95.9,45,
93.92,49,
90.32,56,
86.72,64,
83.479996,72,
81.68,77,
80.78,78,
80.6,78,
80.06,78,
79.16,79,
77.72,82,
76.64,84,
75.92,88,
77.9,84,
78.26,84,
78.98,82,
81.86,75,
84.020004,69,
86.72,64,
87.8,62,
89.060005,61,
88.520004,61,
88.7,61,
87.8,62,
88.34,60,
87.8,61,
87.8,62,
85.64,66,
82.76,73,
78.08,83,
75.02,89,
72.86,92,
74.119995,89,
76.1,83,
78.8,79,
79.16,79,
79.34,80,
74.66,92,
75.56,94,
77.18,92,
78.8,89,
80.6,85,
82.04,80,
83.3,76,
84.020004,74,
85.1,71,
85.46001,71,
85.64,71,
84.560005,72,
82.4,75,
78.8,82,
75.380005,89,
72.32,96,
71.06,98,
70.880005,95,
71.96,96,
72.86,94,
73.76,92,
73.76,92,
73.94,91,
73.94,92,
73.04,96,
73.4,95,
73.94,94,
74.119995,94,
74.66,94,
75.380005,93,
76.28,93,
77,91,
77.72,90,
77.9,89,
77.72,90,
77,91,
76.1,94,
75.2,95,
74.66,96,
74.3,96,
74.48,95,
74.3,95,
74.119995,95,
73.4,95,
72.68,98,
72.14,98,
72.14,98,
72.5,98,
73.4,98,
72.68,95,
72.68,98,
72.68,98,
73.94,98,
75.2,96,
76.64,94,
77,93,
77.18,92,
76.46,93,
76.1,93,
75.380005,95,
75.2,97,
74.66,98,
74.84,98,
74.48,98,
74.66,94,
74.3,92,
74.3,91,
73.76,92,
73.76,95,
73.4,98,
73.76,98,
73.4,95,
71.6,96,
71.96,95,
72.14,94,
72.32,94,
71.6,95,
71.06,96,
70.52,96,
70.880005,98,
71.6,96,
72.68,96,
73.22,96,
73.4,96,
72.68,96,
71.78,98,
70.880005,98,
70.52,98,
70.52,95,
71.42,92,
72.14,89,
73.04,89,
73.22,90,
73.04,94,
72.32,95,
71.78,96,
72.86,86,
72.68,91,
71.96,95,
71.24,96,
70.880005,96,
71.24,95,
72.14,96,
73.4,96,
74.119995,96,
74.3,96,
73.76,95,
73.22,90,
72.86,87,
73.4,85,
74.66,85,
76.28,86,
77.36,89,
77.54,90,
76.64,89,
75.2,83,
73.94,78,
73.04,74,
72.68,75,
72.86,79,
77,84,
77.72,83,
78.44,83,
79.52,81,
80.6,80,
81.68,78,
82.76,76,
83.479996,75,
83.84,74,
83.84,74,
83.3,74,
82.58,75,
81.5,76,
80.42,78,
79.52,80,
78.8,82,
78.44,84,
78.08,86,
77.72,88,
77.36,88,
77,88,
76.64,88,
76.46,87,
76.64,85,
75.92,89,
76.64,88,
77.9,85,
79.7,82,
81.14,79,
82.4,77,
83.3,74,
84.2,72,
84.74,69,
85.28,67,
85.1,66,
84.560005,66,
83.3,69,
81.86,73,
79.880005,78,
78.44,81,
77.36,82,
77,83,
77,83,
77.54,83,
77.54,85,
77.36,87,
76.64,88,
76.1,90,
76.28,83,
76.64,84,
77.72,82,
79.16,79,
81.14,75,
82.94,71,
84.74,67,
85.82,66,
86.53999,65,
86.53999,65,
86.18,66,
85.1,68,
83.84,70,
82.22,73,
80.6,77,
79.16,81,
78.26,84,
77.72,85,
77.54,84,
77.36,83,
77.36,81,
77,81,
76.64,81,
76.28,82,
75.92,86,
76.64,84,
77.72,82,
79.52,78,
81.32,73,
83.3,69,
84.92,65,
86.36,63,
87.62,62,
88.34,61,
88.34,61,
87.62,64,
86,66,
83.84,70,
81.5,75,
79.52,79,
78.08,82,
77.54,83,
77.36,83,
77.54,83,
77.36,83,
77,84,
76.46,85,
75.92,86,
75.2,87,
75.92,85,
77.36,81,
79.16,78,
81.5,72,
83.66,68,
85.64,64,
86.9,62,
87.979996,59,
88.16,59,
87.979996,59,
87.08,61,
85.64,63,
83.66,67,
81.68,71,
79.880005,74,
78.619995,77,
77.72,80,
77.36,81,
76.82,84,
76.28,86,
75.56,88,
75.2,88,
74.84,89,
75.56,86,
76.28,83,
77.36,81,
78.8,76,
80.42,71,
82.4,67,
84.2,63,
85.82,60,
86.53999,59,
86.53999,60,
85.64,61,
84.020004,64,
82.04,67,
80.24,70,
78.98,72,
78.08,73,
77.54,75,
77.18,76,
76.64,78,
76.1,81,
75.56,83,
75.2,86,
75.02,86,
75.2,86,
75.2,83,
75.92,81,
77.72,77,
79.16,74,
80.96,69,
82.04,67,
83.3,64,
83.84,64,
84.560005,62,
84.92,61,
85.28,58,
84.38,60,
83.119995,62,
80.78,69,
78.619995,76,
77,81,
76.82,81,
77.18,80,
78.08,76,
78.08,75,
77.54,76,
76.28,80,
75.380005,82,
74.66,85,
75.92,80,
77.18,77,
77.72,75,
79.880005,70,
80.6,67,
82.76,61,
83.479996,58,
85.46001,54,
84.74,56,
83.84,60,
80.06,70,
77.36,79,
74.3,90,
74.48,89,
74.48,87,
75.92,81,
75.2,83,
75.02,84,
73.76,89,
74.66,86,
74.84,86,
76.46,81,
76.1,81,
76.64,78,
74.84,81,
75.2,83,
76.1,82,
76.46,84,
77.72,80,
78.619995,78,
80.24,73,
80.96,72,
82.22,69,
82.4,71,
82.76,70,
81.86,72,
80.6,74,
78.26,80,
76.64,83,
75.2,88,
75.380005,85,
75.2,86,
75.74,83,
75.02,86,
74.48,87,
73.4,90,
73.58,87,
73.76,85,
75.2,84,
75.02,86,
76.28,83,
77.36,81,
79.34,77,
79.7,77,
79.7,77,
77.9,82,
77,86,
76.1,88,
77.36,84,
78.44,79,
79.7,75,
78.8,75,
77.54,78,
75.2,84,
74.3,88,
73.58,91,
74.66,88,
75.02,86,
75.92,83,
75.56,83,
75.74,81,
75.02,83,
74.119995,90,
74.84,91,
76.28,89,
78.08,86,
80.24,80,
82.04,75,
83.479996,70,
84.2,68,
84.74,66,
84.560005,68,
84.38,67,
83.479996,69,
82.4,69,
80.6,73,
78.8,78,
77,83,
75.92,85,
75.380005,88,
75.2,87,
74.84,90,
74.66,90,
74.119995,91,
73.94,90,
73.76,91,
73.04,92,
74.119995,91,
75.74,88,
77.72,85,
79.52,79,
81.68,74,
83.479996,68,
85.46001,65,
86.9,61,
87.8,60,
87.439995,59,
86.18,62,
84.2,65,
82.22,71,
80.42,76,
79.16,81,
78.08,83,
77.72,83,
77,83,
76.46,85,
75.380005,88,
74.48,90,
73.4,92,
72.86,94,
75.2,86,
75.74,85,
76.64,83,
77.9,81,
79.34,78,
81.14,74,
82.76,71,
84.38,68,
85.28,67,
85.64,67,
85.1,67,
84.020004,70,
82.4,73,
80.78,77,
79.34,80,
78.08,84,
77,84,
76.46,84,
75.92,84,
75.74,86,
75.56,86,
75.56,88,
75.2,87,
75.2,87,
74.48,87,
75.02,87,
76.28,83,
77.72,79,
79.7,72,
81.5,67,
83.479996,62,
84.74,61,
85.64,61,
85.82,63,
85.64,64,
84.560005,66,
83.119995,67,
81.14,70,
79.34,74,
77.72,78,
77,80,
76.28,83,
76.1,83,
75.380005,86,
74.84,87,
74.119995,89,
73.94,88,
73.94,89,
73.58,88,
75.02,86,
76.82,83,
79.16,79,
80.96,74,
82.58,70,
83.66,64,
85.1,60,
85.82,57,
86.72,56,
86.53999,56,
86,59,
84.2,63,
82.4,68,
80.06,73,
78.26,78,
76.46,81,
75.74,82,
75.2,83,
75.380005,84,
75.2,85,
74.84,87,
73.94,88,
73.58,89,
73.4,89,
74.119995,86,
75.74,82,
77.72,78,
80.06,72,
82.22,67,
84.2,63,
85.64,59,
86.72,55,
87.439995,53,
87.8,52,
87.26,54,
86,58,
83.66,64,
81.32,71,
78.8,78,
77.36,80,
76.28,81,
75.92,80,
75.380005,80,
75.02,82,
74.119995,85,
73.58,88,
73.04,90,
73.76,89,
74.84,86,
76.46,82,
78.26,77,
80.06,71,
82.04,65,
83.84,60,
85.64,56,
87.439995,54,
88.520004,53,
88.88,53,
88.16,54,
86.36,57,
83.84,60,
81.32,64,
79.16,68,
77.72,73,
77,77,
76.46,79,
75.92,81,
75.02,83,
74.119995,85,
73.4,88,
73.22,89,
73.76,87,
72.68,94,
75.380005,88,
78.44,79,
84.020004,65,
86,59,
86.36,58,
81.5,69,
77.36,81,
72.86,98,
73.22,95,
74.119995,98,
77,88,
76.1,88,
74.84,88,
71.06,98,
69.98,95,
69.08,95,
71.6,98,
73.04,94,
75.74,84,
75.56,83,
76.1,79,
74.119995,85,
71.6,98,
72.68,96,
73.04,96,
74.48,92,
75.56,88,
78.619995,81,
81.68,74,
85.46001,69,
86.72,66,
86,67,
81.68,73,
77,81,
72.5,92,
71.42,96,
71.6,98,
74.119995,96,
75.2,96,
76.1,95,
74.66,98,
73.76,98,
71.96,98,
71.6,98,
70.880005,98,
71.6,98,
73.04,95,
73.76,92,
74.48,88,
75.56,84,
76.28,81,
77.54,78,
78.44,76,
79.880005,74,
80.6,73,
80.96,74,
79.880005,77,
78.8,80,
77,84,
76.1,88,
75.2,88,
75.2,87,
74.84,86,
74.84,85,
74.48,87,
74.48,90,
74.48,85,
73.76,85,
73.04,88,
73.04,89,
73.04,92,
73.58,91,
75.74,84,
77.72,79,
80.78,70,
82.58,67,
84.560005,62,
85.1,61,
86.18,60,
86.72,60,
88.34,56,
88.7,56,
88.520004,57,
86,63,
83.479996,70,
80.24,81,
78.8,86,
77.72,88,
77.9,86,
77,86,
76.28,85,
74.48,90,
73.58,91,
72.5,94,
76.28,88,
76.46,87,
77.9,82,
79.7,79,
82.22,73,
84.020004,69,
85.28,67,
85.28,66,
85.28,66,
85.1,66,
85.46001,66,
85.1,69,
84.38,72,
81.86,79,
78.98,87,
75.74,94,
73.94,98,
73.22,96,
74.119995,92,
75.02,89,
76.28,86,
76.64,86,
76.82,86,
76.28,88,
74.119995,92,
74.48,90,
75.74,88,
77.54,84,
79.880005,79,
82.4,73,
84.38,69,
85.46001,66,
85.46001,67,
84.2,71,
82.04,79,
79.16,88,
76.28,95,
73.76,96,
72.14,96,
71.42,92,
71.6,92,
72.32,91,
73.4,92,
74.3,92,
74.84,94,
74.84,92,
74.66,92,
74.3,91,
72.68,96,
72.86,95,
73.94,92,
74.84,89,
76.82,84,
78.44,80,
80.42,76,
80.96,76,
81.5,74,
80.6,74,
79.880005,74,
78.44,75,
77.36,77,
75.92,80,
75.56,82,
75.2,84,
76.1,83,
76.28,83,
76.64,81,
75.56,83,
74.48,86,
72.86,92,
72.5,94,
72.14,96,
74.48,90,
75.02,88,
75.380005,86,
75.92,84,
76.28,84,
77.18,84,
78.08,84,
79.52,80,
80.24,77,
80.6,74,
79.7,74,
78.619995,74,
77,77,
76.1,79,
75.74,80,
75.92,80,
76.1,78,
76.1,78,
75.74,77,
75.380005,79,
74.66,83,
74.3,86,
73.94,90,
74.3,90,
72.32,94,
73.76,90,
75.380005,85,
77.72,78,
79.16,73,
80.78,69,
81.68,68,
83.119995,67,
84.020004,65,
84.92,63,
84.38,62,
83.479996,61,
81.5,62,
79.7,65,
77.54,70,
76.28,75,
75.02,80,
74.84,82,
74.48,82,
74.84,81,
74.48,82,
74.119995,83,
72.86,87,
72.5,91,
74.48,79,
75.2,79,
76.28,77,
77.9,75,
79.7,70,
81.68,66,
83.119995,63,
84.020004,64,
83.66,66,
82.4,71,
80.24,76,
78.26,81,
76.64,83,
75.92,83,
75.74,80,
76.1,78,
76.1,75,
75.74,76,
75.2,77,
74.66,81,
74.3,82,
74.119995,85,
73.94,84,
74.3,82,
75.56,79,
76.1,79,
76.82,79,
77.72,78,
78.44,76,
78.98,74,
79.16,74,
79.16,74,
79.34,73,
79.34,73,
79.52,73,
79.34,72,
78.8,74,
77.9,75,
76.82,78,
75.92,81,
75.380005,84,
75.380005,84,
75.56,83,
75.74,80,
75.74,78,
75.56,77,
75.380005,77,
75.2,78,
73.76,90,
74.48,90,
75.380005,86,
77,81,
77.9,77,
79.16,74,
79.52,74,
80.24,74,
80.42,73,
80.6,73,
79.880005,73,
79.34,74,
78.08,79,
77.54,86,
76.64,91,
76.28,95,
75.380005,95,
75.380005,90,
75.2,84,
75.74,79,
75.92,76,
75.92,78,
75.02,83,
74.48,87,
72.86,94,
73.22,94,
73.22,96,
74.119995,94,
74.84,91,
76.28,88,
77.72,83,
79.34,80,
79.7,80,
79.52,81,
77.72,86,
76.1,88,
74.3,91,
73.94,90,
73.94,87,
74.84,84,
75.2,83,
75.380005,84,
74.84,87,
74.66,88,
73.94,90,
73.76,90,
73.22,92,
73.22,92,
74.119995,92,
74.3,92,
75.380005,89,
76.1,88,
77.9,84,
79.34,80,
80.96,75,
81.32,72,
81.86,69,
81.32,69,
81.32,69,
80.24,71,
79.52,74,
77.54,80,
76.46,84,
75.2,89,
75.56,88,
75.380005,88,
75.92,85,
75.02,89,
74.66,90,
73.4,95,
73.4,95,
73.22,95,
74.66,87,
75.56,86,
76.64,84,
78.08,81,
79.34,76,
80.24,75,
80.96,73,
81.32,74,
81.32,76,
80.96,78,
80.24,78,
79.16,79,
78.08,79,
77,81,
76.1,83,
75.56,86,
75.2,88,
75.2,88,
75.2,88,
75.2,88,
75.02,87,
74.66,89,
74.3,89,
74.3,89,
73.58,91,
74.48,89,
75.02,88,
75.2,89,
74.3,92,
73.4,94,
72.32,96,
72.32,96,
72.68,94,
73.76,90,
74.48,89,
75.2,88,
75.2,88,
75.2,88,
74.84,88,
74.84,87,
74.66,87,
74.84,86,
74.84,87,
75.02,88,
74.48,90,
74.119995,92,
73.4,94,
73.4,92,
73.76,92,
73.22,94,
73.94,92,
75.2,88,
77.72,80,
79.7,75,
81.32,72,
81.14,72,
80.42,73,
78.8,76,
77.72,78,
76.64,80,
76.28,81,
75.56,82,
75.2,83,
74.3,85,
74.119995,87,
73.76,89,
74.119995,89,
74.119995,89,
74.66,87,
74.48,87,
74.66,87,
74.119995,90,
74.84,84,
74.66,85,
74.3,86,
74.3,88,
74.48,87,
74.84,88,
75.2,89,
75.56,92,
75.380005,94,
74.84,96,
74.119995,96,
73.4,95,
73.04,92,
73.22,90,
73.4,90,
73.76,90,
73.76,90,
73.58,92,
73.4,92,
73.4,92,
73.58,92,
74.119995,90,
74.48,87,
74.84,86,
72.5,94,
73.04,92,
73.4,92,
74.119995,90,
74.3,90,
74.48,90,
74.119995,92,
73.94,92,
73.58,94,
73.4,94,
73.04,94,
73.04,94,
72.86,92,
72.86,91,
72.68,91,
72.68,90,
72.5,91,
72.32,92,
72.32,94,
72.5,94,
72.5,94,
72.68,92,
72.5,94,
72.5,92,
71.96,94,
72.68,95,
73.04,95,
73.94,94,
74.3,92,
75.2,89,
75.92,84,
77,82,
77.54,81,
77.72,82,
76.82,83,
76.1,85,
74.84,87,
74.48,89,
73.94,90,
74.119995,90,
73.76,90,
73.58,90,
73.04,89,
72.86,91,
72.32,92,
72.32,94,
71.96,93,
71.96,94,
71.96,95,
72.68,92,
73.94,90,
75.2,87,
76.46,86,
77.54,86,
78.44,85,
78.98,84,
79.7,82,
80.06,80,
80.24,77,
79.880005,75,
78.98,76,
77.36,78,
75.74,81,
74.3,85,
73.58,86,
73.04,87,
73.04,88,
72.86,90,
72.5,92,
71.96,95,
71.6,96,
71.42,98,
71.6,95,
72.5,91,
73.94,89,
75.2,87,
75.74,90,
75.56,92,
74.84,94,
74.66,90,
75.380005,82,
77,73,
78.8,67,
80.42,64,
80.6,65,
79.52,67,
77.18,73,
74.66,78,
72.5,85,
71.6,88,
71.6,92,
72.32,92,
72.68,94,
72.68,94,
71.96,96,
71.6,96,
71.06,91,
72.5,88,
73.76,87,
76.1,82,
77.9,78,
80.06,74,
81.68,71,
83.3,68,
83.479996,68,
82.76,71,
80.42,77,
78.26,83,
75.92,89,
75.2,90,
74.84,90,
75.56,88,
75.380005,88,
75.380005,88,
74.3,90,
73.76,90,
72.5,91,
71.96,90,
71.06,91,
71.06,91,
72.32,90,
73.04,88,
74.66,85,
76.1,82,
78.26,78,
79.880005,75,
81.32,72,
81.68,71,
82.04,70,
81.68,71,
81.5,71,
80.42,73,
79.16,76,
77,81,
75.380005,83,
73.76,87,
73.58,88,
73.58,88,
74.119995,87,
73.76,89,
73.4,89,
72.32,92,
71.96,92,
71.6,92,
71.96,95,
71.42,98,
71.96,95,
72.68,94,
74.84,87,
76.46,85,
78.08,84,
78.26,86,
78.44,87,
77.9,88,
78.44,84,
78.44,81,
78.8,76,
77.9,77,
77,78,
75.380005,84,
74.66,85,
73.58,89,
73.4,89,
72.68,91,
72.86,90,
72.32,94,
72.5,92,
71.96,96,
72.32,92,
73.4,91,
74.119995,90,
75.380005,88,
75.74,86,
77.18,83,
78.26,80,
80.6,75,
81.86,72,
82.76,71,
81.5,72,
79.7,76,
77,81,
75.380005,86,
73.94,91,
73.76,94,
73.22,94,
73.4,94,
73.04,92,
73.4,89,
73.04,88,
73.04,88,
72.32,90,
72.5,90,
72.68,95,
72.5,98,
73.4,95,
74.3,92,
76.28,87,
77.72,82,
79.52,78,
80.06,77,
80.78,75,
80.6,74,
81.14,71,
80.78,70,
80.6,69,
79.16,72,
77.9,75,
76.1,81,
75.380005,84,
74.48,88,
74.48,88,
73.76,90,
73.4,90,
72.68,92,
72.68,92,
72.32,94,
71.96,90,
73.22,89,
74.84,85,
76.64,82,
77.9,78,
78.98,76,
79.52,75,
80.42,75,
80.78,74,
81.32,72,
80.78,69,
80.06,68,
78.44,67,
77,69,
75.56,74,
74.84,80,
74.3,84,
74.3,87,
74.3,88,
74.48,88,
73.94,88,
73.4,89,
72.32,89,
71.96,90,
71.24,92,
71.42,90,
72.68,87,
74.3,86,
76.64,83,
78.619995,81,
80.24,77,
80.96,74,
81.5,70,
81.32,70,
81.14,70,
80.6,71,
79.880005,75,
78.619995,79,
77.36,81,
76.1,83,
75.56,83,
75.2,83,
75.2,83,
74.84,85,
74.48,89,
73.4,94,
72.5,94,
71.6,94,
73.4,87,
74.119995,85,
74.84,84,
75.2,83,
74.84,84,
73.94,87,
73.04,90,
72.68,91,
73.04,90,
74.3,86,
75.56,84,
76.46,81,
76.28,82,
75.2,84,
73.76,88,
72.68,90,
72.14,93,
72.5,92,
73.4,90,
74.119995,87,
74.48,85,
74.119995,84,
73.58,85,
73.22,86,
71.42,91,
71.6,91,
71.96,91,
73.04,89,
74.119995,89,
75.56,88,
76.64,86,
77.54,83,
77.72,80,
77.18,77,
75.74,75,
74.48,74,
73.04,78,
72.5,81,
72.32,86,
72.68,89,
72.86,91,
73.04,90,
73.04,88,
73.04,87,
72.86,86,
72.68,87,
72.14,88,
71.78,90,
72.5,92,
73.22,91,
73.76,90,
74.3,88,
74.66,87,
74.84,85,
74.84,85,
74.84,85,
74.66,86,
74.48,87,
74.119995,90,
73.4,92,
72.68,95,
71.96,94,
71.42,94,
71.24,92,
71.42,91,
71.78,89,
71.96,90,
71.96,90,
71.78,92,
71.6,92,
71.6,93,
71.96,92,
71.42,91,
71.42,93,
71.96,94,
73.04,94,
75.02,89,
77.18,82,
79.16,76,
80.06,73,
80.24,71,
79.16,74,
77.9,78,
76.1,83,
74.84,89,
73.58,92,
73.04,94,
72.68,95,
72.86,94,
72.68,95,
72.68,95,
72.32,94,
71.96,93,
71.6,92,
71.6,90,
71.42,89,
71.96,92,
71.96,90,
72.5,88,
73.4,87,
75.2,84,
77,81,
78.8,77,
79.880005,75,
80.6,72,
80.24,73,
79.7,74,
78.44,77,
77.36,79,
75.92,81,
74.84,82,
73.94,82,
73.58,82,
73.22,83,
73.22,85,
72.86,89,
72.86,89,
72.5,89,
71.96,89,
71.6,91,
70.52,91,
71.96,88,
73.4,85,
75.380005,82,
76.82,78,
78.44,75,
79.880005,71,
81.68,68,
82.76,66,
83.479996,65,
82.76,66,
81.68,68,
79.7,70,
78.08,74,
76.64,76,
75.92,77,
75.2,78,
74.84,80,
74.119995,82,
73.58,86,
72.5,90,
71.6,93,
70.52,95,
70.34,94,
72.32,94,
72.68,92,
73.4,89,
74.48,84,
75.380005,83,
76.1,81,
76.1,83,
76.1,84,
75.74,86,
75.74,86,
75.56,86,
75.56,85,
75.2,86,
74.84,84,
74.119995,86,
73.4,88,
72.68,92,
72.5,92,
72.68,92,
73.22,87,
73.58,85,
73.76,82,
73.22,86,
72.68,89,
71.24,93,
72.14,92,
73.22,90,
75.2,84,
77.18,79,
79.880005,73,
81.86,70,
83.66,69,
84.020004,71,
83.479996,74,
81.32,80,
78.98,87,
76.64,91,
75.380005,91,
74.48,92,
74.48,92,
74.119995,94,
73.94,95,
73.4,96,
73.22,94,
72.5,94,
72.32,90,
71.6,91,
71.42,91,
72.5,94,
71.96,96,
73.4,94,
75.2,89,
78.8,80,
80.96,74,
82.4,71,
80.6,75,
78.8,80,
76.28,88,
76.1,89,
76.1,89,
77.36,84,
77,84,
76.64,84,
74.84,87,
74.3,88,
73.22,92,
73.76,90,
73.22,92,
73.76,91,
73.04,94,
73.4,92,
72.32,95,
72.32,95,
73.04,92,
73.94,89,
75.2,84,
76.64,81,
78.08,78,
79.52,76,
80.96,73,
82.22,71,
83.119995,68,
83.3,68,
82.58,69,
81.32,71,
79.52,74,
77.72,79,
76.28,83,
75.2,87,
74.48,90,
74.119995,91,
73.76,90,
73.22,91,
72.68,92,
72.32,94,
72.14,94,
70.7,98,
71.42,96,
73.76,91,
76.64,83,
80.06,73,
82.4,67,
83.84,64,
83.66,65,
83.3,67,
82.58,70,
82.58,70,
82.22,71,
81.86,71,
80.42,73,
78.8,76,
76.64,83,
75.56,86,
74.84,90,
74.84,90,
74.3,92,
73.94,91,
72.68,94,
71.78,94,
70.52,98,
72.86,92,
73.58,91,
75.02,88,
76.64,84,
78.619995,80,
80.6,75,
82.4,72,
83.84,69,
84.92,67,
85.28,67,
84.92,68,
83.66,70,
82.04,73,
80.06,77,
78.26,81,
77,84,
76.46,86,
76.28,86,
76.1,87,
75.56,88,
74.84,89,
73.76,91,
73.04,92,
72.5,94,
73.04,94,
73.04,94,
73.76,92,
75.2,87,
77.36,81,
79.7,75,
81.68,71,
82.76,68,
83.119995,68,
82.76,68,
82.04,71,
80.78,74,
79.7,76,
78.44,78,
77.36,81,
76.28,83,
75.56,88,
75.02,90,
74.84,90,
74.66,90,
74.66,89,
74.48,87,
74.119995,88,
73.4,91,
73.4,92,
74.3,88,
75.02,85,
75.56,84,
75.2,88,
75.380005,90,
75.56,92,
77,88,
78.44,83,
80.24,75,
80.78,71,
80.6,69,
78.98,73,
77.54,78,
75.74,83,
74.84,87,
74.119995,90,
74.119995,88,
74.119995,87,
74.48,85,
74.3,87,
74.119995,89,
73.4,92,
73.4,92,
72.32,92,
71.96,93,
72.5,94,
73.4,92,
75.380005,88,
77.18,84,
79.16,80,
80.06,77,
80.6,75,
80.24,74,
79.880005,73,
78.98,75,
77.9,78,
76.1,83,
74.84,87,
73.4,92,
73.04,92,
72.86,92,
73.4,89,
73.4,89,
73.58,88,
73.04,90,
73.04,90,
72.5,92,
72.32,94,
71.96,93,
72.86,90,
74.119995,85,
76.1,80,
77.18,78,
77.72,78,
76.82,81,
75.74,86,
74.48,90,
74.48,89,
74.84,86,
75.56,83,
75.380005,82,
75.02,82,
73.76,85,
73.04,87,
72.32,91,
72.68,90,
72.86,90,
73.4,90,
73.4,90,
73.4,90,
72.68,92,
71.6,96,
71.42,95,
71.78,96,
72.32,95,
73.76,94,
74.84,94,
75.92,92,
76.1,89,
76.28,85,
75.74,82,
75.74,80,
75.380005,80,
75.2,81,
74.3,83,
73.76,86,
72.86,89,
72.68,92,
72.14,96,
72.32,96,
71.96,96,
71.96,96,
71.6,95,
71.78,95,
71.42,95,
70.52,98,
70.52,98,
71.06,98,
71.6,98,
72.5,96,
73.04,96,
73.4,95,
73.22,95,
73.22,94,
73.04,94,
73.22,92,
73.4,92,
73.76,90,
73.76,90,
73.58,90,
73.04,92,
72.68,94,
72.32,94,
72.14,95,
71.78,96,
71.6,96,
71.24,96,
71.06,96,
70.52,98,
71.24,98,
70.880005,98,
70.7,98,
71.6,96,
72.5,96,
73.94,94,
74.84,92,
75.74,90,
75.56,89,
75.2,89,
73.94,91,
73.22,92,
72.32,95,
72.32,95,
71.78,96,
71.6,95,
70.7,95,
70.16,96,
69.8,96,
70.52,98,
71.24,98,
72.32,98,
72.32,98,
72.14,98,
70.880005,96,
72.32,94,
73.22,91,
73.94,90,
74.119995,90,
74.66,87,
75.56,84,
77.18,79,
78.619995,75,
79.52,72,
79.16,73,
77.9,76,
75.92,81,
74.3,86,
73.22,89,
73.04,90,
73.04,90,
73.04,90,
72.5,92,
71.78,93,
70.52,96,
69.8,98,
69.44,98,
69.98,98,
72.5,94,
72.5,96,
72.5,96,
73.04,95,
73.76,92,
75.2,86,
76.28,83,
77.36,81,
77.72,81,
77.54,82,
76.46,86,
75.2,89,
73.76,92,
72.86,94,
72.14,94,
71.96,95,
71.78,96,
71.96,96,
71.96,96,
72.32,96,
72.68,94,
73.04,92,
73.04,91,
72.86,92,
70.880005,96,
70.880005,98,
71.42,98,
71.96,98,
72.86,98,
73.58,95,
74.119995,94,
73.94,92,
73.76,92,
73.22,92,
73.04,92,
72.68,94,
72.68,94,
72.5,94,
72.5,92,
72.32,94,
72.5,94,
72.32,96,
72.32,96,
71.78,98,
71.42,98,
70.880005,98,
70.880005,96,
70.7,96,
70.880005,98,
70.52,98,
71.06,98,
71.96,96,
73.94,94,
75.74,90,
77.18,87,
77.18,86,
76.64,84,
75.2,86,
74.119995,88,
73.04,91,
72.5,94,
71.78,96,
71.6,96,
71.24,96,
71.6,94,
71.6,93,
71.96,93,
71.78,95,
71.96,96,
71.6,98,
71.6,98,
71.06,98,
71.24,90,
71.78,90,
72.68,88,
73.76,87,
74.84,85,
75.92,83,
77,80,
78.08,78,
78.8,76,
79.16,74,
78.98,72,
78.26,72,
77,74,
75.74,77,
74.66,80,
74.119995,82,
73.94,84,
74.119995,84,
74.119995,84,
73.76,85,
73.22,86,
72.32,88,
71.6,89,
71.06,91,
73.4,84,
73.76,85,
74.66,83,
75.2,84,
75.92,83,
75.92,84,
75.92,84,
75.2,87,
75.02,87,
74.84,87,
75.380005,83,
75.56,81,
75.92,77,
75.380005,79,
74.66,80,
73.76,84,
73.4,85,
73.22,86,
73.4,85,
73.4,86,
73.4,85,
73.04,87,
73.04,85,
73.04,85,
71.6,95,
71.42,94,
71.96,92,
72.86,89,
74.3,86,
75.2,84,
75.92,83,
75.92,82,
76.1,81,
76.28,80,
76.82,79,
77,79,
77,80,
75.74,83,
74.3,86,
72.32,90,
71.06,92,
70.52,92,
70.880005,91,
71.42,90,
72.14,89,
72.32,90,
72.32,92,
71.78,94,
69.8,95,
69.619995,96,
70.16,95,
71.24,93,
73.04,89,
74.84,85,
76.64,81,
77.72,79,
78.26,77,
78.26,76,
78.08,75,
77.36,78,
76.64,78,
75.380005,82,
74.119995,85,
72.5,89,
71.24,91,
70.52,93,
70.16,93,
70.16,93,
70.34,93,
70.52,93,
70.52,93,
70.16,94,
69.08,95,
70.16,93,
71.6,90,
73.76,85,
75.92,80,
78.44,73,
80.6,68,
82.76,63,
83.479996,62,
83.3,63,
81.5,68,
79.34,74,
76.64,81,
74.84,87,
73.58,91,
73.04,92,
72.5,92,
72.14,92,
71.6,92,
71.42,92,
70.52,93,
70.16,93,
69.26,95,
69.08,95,
69.8,89,
70.880005,88,
72.14,87,
74.3,83,
76.1,78,
78.08,74,
79.52,70,
80.96,67,
81.32,66,
81.32,67,
80.24,69,
78.98,72,
77.36,74,
76.1,78,
74.66,83,
73.76,86,
72.5,89,
71.6,92,
70.880005,93,
70.880005,94,
70.52,94,
70.52,93,
69.98,91,
69.8,91,
69.44,89,
69.98,91,
71.42,90,
72.68,90,
74.66,87,
75.92,84,
77.36,79,
77.9,76,
78.98,71,
79.52,68,
80.78,64,
80.78,64,
80.24,66,
77.9,72,
75.56,78,
73.04,85,
72.14,87,
71.6,89,
71.96,88,
71.42,90,
71.06,91,
69.8,93,
69.44,91,
68.9,91,
71.24,90,
71.96,90,
73.04,87,
74.48,82,
76.1,77,
77.9,72,
79.52,68,
80.6,68,
80.6,70,
79.7,75,
77.9,81,
75.92,84,
74.119995,87,
73.04,87,
72.68,87,
72.68,87,
72.68,88,
72.5,91,
71.96,93,
71.42,93,
70.880005,91,
70.7,89,
70.52,89,
70.880005,88,
70.880005,96,
70.7,96,
71.42,94,
72.68,92,
74.48,89,
76.1,87,
77,86,
76.82,87,
75.92,88,
74.48,90,
73.4,92,
72.5,94,
72.32,94,
72.14,93,
71.96,93,
71.6,93,
71.42,92,
71.06,93,
71.24,93,
71.24,95,
71.6,95,
71.6,96,
71.6,96,
71.06,98,
71.24,95,
72.5,90,
73.58,89,
74.48,87,
74.84,90,
75.02,90,
75.2,90,
75.74,86,
76.28,83,
76.64,80,
76.28,82,
75.56,84,
74.3,90,
73.4,90,
72.5,91,
72.32,88,
72.14,89,
72.14,89,
71.96,92,
71.78,92,
71.24,95,
70.880005,95,
70.34,98,
70.7,96,
79.52,63,
77.18,72,
75.92,78,
73.4,92,
75.380005,88,
76.64,84,
79.7,75,
78.619995,78,
78.26,78,
75.2,89,
75.380005,88,
74.3,91,
75.74,83,
74.3,87,
74.66,83,
72.5,87,
72.86,84,
70.880005,91,
70.880005,91,
68.72,95,
69.8,98,
70.52,96,
75.02,78,
77.18,70,
71.06,92,
71.42,92,
72.32,89,
73.4,87,
75.2,82,
77.18,77,
79.52,70,
81.32,65,
82.22,63,
82.04,63,
80.96,66,
78.98,72,
77,77,
75.2,83,
74.119995,86,
73.4,88,
73.22,87,
73.04,85,
72.68,85,
71.96,87,
71.24,90,
70.7,92,
70.52,93,
70.7,93,
72.14,86,
72.68,85,
73.94,84,
74.84,83,
76.1,81,
77,78,
77.9,77,
78.26,75,
78.98,74,
79.16,72,
79.52,73,
79.16,72,
78.44,73,
76.64,77,
75.2,80,
73.76,84,
73.4,88,
73.4,89,
73.76,90,
73.58,89,
71.96,93,
70.52,96,
69.98,98,
69.8,98,
74.119995,90,
74.48,90,
75.74,88,
77,86,
79.16,81,
80.6,78,
82.04,75,
82.04,75,
81.68,76,
80.6,78,
79.7,79,
78.44,82,
77.54,83,
76.1,87,
75.380005,88,
74.48,90,
74.66,89,
74.66,90,
75.2,88,
75.02,88,
74.84,89,
74.119995,91,
73.94,91,
73.76,91,
73.4,96,
73.58,96,
73.94,96,
74.66,94,
75.02,94,
75.380005,94,
75.380005,94,
75.56,93,
75.2,93,
75.2,92,
74.66,94,
74.3,94,
73.76,95,
73.58,95,
73.04,96,
72.68,96,
71.96,98,
71.96,98,
71.96,98,
72.68,95,
73.22,94,
73.94,92,
73.76,94,
73.76,95,
72.5,96,
73.04,94,
73.58,91,
74.3,88,
75.74,84,
77.36,80,
79.16,76,
80.42,73,
80.96,70,
80.6,69,
79.7,69,
78.26,71,
77,74,
75.74,78,
74.84,82,
74.119995,84,
73.58,85,
72.68,87,
71.96,88,
70.880005,91,
70.52,94,
70.34,98,
70.880005,98,
71.6,98,
71.06,91,
72.68,85,
73.58,85,
75.56,81,
76.28,83,
77.9,81,
78.8,81,
80.78,74,
81.32,72,
81.68,68,
79.7,70,
77.72,74,
74.84,81,
73.4,85,
71.96,88,
71.96,87,
71.06,90,
71.06,90,
70.52,92,
71.06,91,
70.880005,92,
71.42,91,
70.7,93,
71.06,91,
68.72,95,
69.98,93,
72.5,87,
75.2,83,
78.26,75,
80.42,70,
82.04,66,
82.22,65,
82.22,64,
81.68,65,
81.5,64,
80.78,65,
79.7,67,
77.54,72,
75.56,77,
73.4,85,
72.32,87,
71.6,91,
71.6,90,
71.06,91,
70.7,91,
69.44,94,
68.72,95,
68.18,95,
70.880005,95,
70.34,98,
71.24,96,
72.86,91,
75.380005,82,
77,77,
77.72,74,
76.46,78,
74.66,85,
72.68,94,
71.96,96,
71.78,98,
72.32,95,
71.96,95,
71.42,93,
69.8,96,
68.9,96,
68.18,98,
68.72,96,
69.44,96,
70.880005,92,
71.42,92,
71.96,91,
71.24,94,
64.58,98,
66.56,97,
68.72,94,
71.96,88,
74.48,80,
77.36,72,
79.16,66,
81.32,62,
82.22,60,
82.76,61,
81.32,63,
79.7,68,
77,73,
75.380005,78,
73.4,82,
72.32,85,
70.7,86,
69.98,88,
68.72,89,
68.36,93,
67.28,95,
66.56,98,
65.119995,98,
64.58,94,
63.68,98,
65.66,93,
69.44,87,
73.04,82,
76.64,77,
78.619995,75,
79.880005,73,
80.06,71,
80.78,68,
81.32,66,
82.4,65,
82.4,66,
81.5,69,
78.8,74,
75.92,79,
72.86,84,
71.42,87,
70.7,87,
70.880005,86,
69.98,88,
68.72,91,
66.2,95,
64.22,98,
62.96,94,
68.72,93,
70.7,88,
73.4,82,
76.28,77,
78.44,71,
80.06,68,
81.14,66,
82.58,63,
83.84,60,
85.28,57,
85.82,55,
85.28,56,
83.119995,59,
80.24,66,
76.82,74,
74.119995,82,
72.32,87,
71.78,88,
71.6,88,
71.6,87,
70.880005,89,
69.8,91,
68.54,94,
68,95,
68,95,
68.9,96,
70.880005,91,
73.4,85,
76.1,77,
78.44,71,
80.42,66,
81.68,64,
82.94,62,
83.84,61,
84.560005,61,
84.2,63,
83.119995,66,
80.96,71,
78.44,78,
75.92,84,
74.3,88,
73.22,91,
72.86,90,
72.32,90,
71.42,90,
70.16,91,
68.9,93,
68,95,
70.16,94,
70.880005,94,
72.5,92,
74.48,87,
77.18,80,
79.7,73,
82.04,68,
83.479996,65,
84.38,65,
84.2,68,
83.66,70,
82.22,74,
80.96,77,
79.34,80,
78.44,83,
77.72,85,
77.54,87,
77.18,88,
76.64,89,
75.2,90,
73.58,90,
71.78,91,
70.7,91,
69.8,93,
71.6,96,
71.96,98,
73.04,94,
74.84,90,
76.64,85,
78.26,81,
79.16,79,
79.34,81,
78.26,85,
77,89,
75.380005,92,
74.119995,95,
73.4,95,
73.22,96,
73.22,96,
73.4,98,
73.22,98,
73.22,98,
73.04,98,
73.22,98,
73.04,96,
73.04,95,
72.5,94,
71.96,96,
71.96,98,
71.96,98,
72.32,98,
73.4,96,
75.02,92,
77,87,
78.8,81,
79.880005,79,
79.7,79,
78.44,82,
76.1,88,
73.94,94,
72.32,98,
71.78,95,
71.78,95,
72.32,98,
72.5,98,
72.68,98,
72.32,98,
72.32,98,
72.14,98,
72.32,98,
72.32,98,
72.32,96,
71.24,98,
71.42,96,
71.6,96,
73.04,94,
75.2,90,
78.619995,84,
81.68,79,
84.2,73,
84.74,71,
83.66,72,
80.78,77,
77.72,85,
75.2,93,
74.3,96,
74.48,96,
75.2,92,
75.2,90,
74.84,89,
73.58,92,
72.68,94,
71.78,98,
71.6,98,
71.42,95,
71.6,98,
71.42,96,
72.68,95,
75.02,90,
77.72,85,
80.24,78,
81.86,75,
82.76,72,
82.94,72,
82.94,72,
83.119995,72,
83.479996,70,
83.3,70,
82.4,71,
80.6,75,
78.44,81,
76.28,88,
75.02,91,
74.66,92,
74.84,91,
74.84,91,
74.48,90,
73.4,92,
72.14,93,
71.24,96,
71.78,92,
73.04,91,
75.2,87,
77,84,
78.98,81,
80.42,79,
82.04,76,
83.119995,73,
84.74,70,
85.46001,69,
86,67,
84.74,68,
82.4,70,
78.8,75,
75.74,80,
73.4,87,
73.22,90,
73.76,91,
74.84,90,
74.84,90,
74.119995,91,
72.5,92,
71.42,94,
70.880005,94,
71.6,91,
73.22,88,
74.48,86,
77,83,
78.619995,81,
81.68,75,
83.84,70,
86.72,65,
87.08,64,
86.36,65,
82.58,72,
79.16,80,
75.56,89,
74.84,92,
74.66,92,
76.1,89,
75.92,88,
76.1,88,
74.48,90,
74.119995,90,
72.68,94,
72.68,92,
71.6,92,
71.78,91,
71.6,92,
72.5,94,
73.76,92,
75.380005,88,
77.72,80,
80.06,74,
82.58,67,
84.2,65,
84.92,64,
84.2,66,
82.76,69,
80.6,73,
78.619995,76,
77,79,
76.1,82,
75.74,85,
75.74,86,
75.380005,88,
74.66,87,
73.4,88,
72.32,87,
71.24,88,
70.880005,88,
70.880005,91,
72.86,89,
72.14,93,
72.68,94,
74.66,88,
77.54,81,
80.42,73,
82.76,68,
84.020004,64,
84.38,64,
84.2,64,
83.66,66,
82.76,69,
81.68,73,
80.06,77,
78.08,83,
75.92,88,
74.119995,92,
73.4,92,
73.58,90,
74.66,81,
75.74,76,
76.28,71,
75.74,74,
74.3,80,
71.78,92,
72.68,91,
73.94,89,
75.92,84,
78.08,80,
80.24,74,
82.4,68,
84.2,63,
85.28,60,
85.64,59,
84.92,61,
83.479996,65,
81.32,70,
78.98,76,
76.82,81,
75.2,84,
73.94,86,
73.4,88,
73.04,88,
72.86,89,
72.68,91,
72.32,92,
71.78,93,
71.6,93,
68.72,93,
70.16,92,
72.5,88,
75.380005,83,
77.9,78,
80.42,71,
82.04,67,
83.66,64,
84.560005,62,
85.28,60,
85.1,59,
84.020004,61,
82.04,64,
79.7,71,
77,79,
74.84,89,
73.22,94,
72.68,95,
72.32,92,
72.32,90,
71.78,87,
70.880005,88,
69.44,89,
68.72,92,
68.18,95,
68.54,96,
70.880005,86,
73.94,80,
77.54,69,
79.880005,67,
81.32,63,
81.32,69,
81.68,68,
82.04,69,
83.66,61,
84.38,58,
84.2,54,
81.5,62,
77.9,70,
73.4,87,
70.52,93,
69.08,98,
69.8,91,
70.52,92,
71.6,88,
71.06,94,
70.16,94,
68.72,98,
69.26,94,
69.8,96,
71.6,94,
73.4,88,
76.28,79,
77.9,73,
79.52,70,
79.34,70,
78.98,74,
78.08,78,
78.26,78,
77.72,77,
77.72,74,
76.46,72,
75.380005,73,
73.76,78,
73.22,84,
72.32,90,
72.14,92,
70.880005,92,
70.16,89,
68.9,88,
68.72,88,
68.36,91,
70.16,91,
71.6,87,
73.22,84,
75.56,80,
77.36,77,
79.34,74,
80.6,71,
82.22,67,
82.94,64,
83.479996,61,
82.58,63,
81.32,65,
78.98,70,
77.18,74,
74.84,80,
73.4,84,
71.78,88,
71.06,91,
70.52,93,
70.880005,92,
70.7,93,
70.880005,91,
70.16,93,
70.16,91,
67.64,96,
69.08,96,
71.78,91,
74.119995,85,
77.36,77,
79.880005,68,
82.4,62,
83.66,59,
84.74,58,
84.560005,59,
84.020004,63,
82.4,66,
80.6,71,
78.08,76,
76.64,79,
75.56,83,
75.74,84,
75.56,86,
75.2,86,
73.22,89,
71.06,91,
68.36,95,
67.1,95,
66.56,97,
74.119995,86,
71.6,98,
71.6,95,
75.2,87,
79.16,77,
82.58,67,
83.3,68,
82.22,70,
79.52,80,
77.54,86,
76.1,92,
76.82,87,
77.18,84,
77.54,77,
75.74,79,
73.4,84,
70.7,96,
70.7,98,
72.86,92,
77.9,73,
82.4,60,
84.92,51,
83.3,55,
79.34,66,
70.52,96,
71.96,92,
72.86,92,
75.380005,86,
77.36,84,
80.78,77,
83.479996,72,
86.36,66,
86.53999,64,
84.92,65,
80.24,73,
75.92,80,
71.6,92,
70.52,94,
70.34,95,
71.96,90,
72.14,91,
72.32,92,
70.880005,96,
70.52,96,
69.619995,98,
70.16,96,
69.8,96,
70.52,94,
71.78,96,
72.5,94,
73.4,94,
74.84,90,
76.46,88,
78.98,81,
81.68,73,
84.560005,65,
86.53999,58,
87.08,56,
85.46001,59,
82.4,66,
78.44,75,
74.84,85,
71.96,93,
70.880005,95,
70.880005,93,
71.6,90,
72.32,88,
72.86,88,
72.68,92,
72.32,94,
71.78,96,
71.6,98,
70.52,95,
73.76,84,
75.92,80,
79.52,74,
80.78,75,
83.3,72,
84.2,72,
87.08,65,
87.26,63,
87.26,61,
83.119995,67,
79.34,75,
74.3,89,
72.68,94,
71.24,98,
72.5,92,
71.78,92,
72.5,89,
71.42,92,
72.14,90,
71.24,94,
71.6,93,
69.98,98,
70.52,96,
72.5,96,
73.04,96,
74.84,92,
77.18,88,
80.6,79,
83.479996,72,
85.46001,68,
85.28,69,
84.020004,72,
81.68,77,
79.880005,78,
77.9,81,
77,80,
75.74,83,
74.84,85,
73.58,91,
73.04,94,
72.14,96,
71.96,96,
71.6,98,
72.14,92,
70.52,91,
69.26,93,
68.72,95,
74.119995,86,
72.86,86,
73.22,85,
74.119995,82,
77.18,77,
80.06,71,
83.84,62,
86,56,
87.979996,53,
88.520004,52,
89.060005,54,
87.62,59,
85.64,65,
81.68,72,
78.08,79,
74.48,84,
73.4,86,
72.86,88,
74.119995,89,
74.66,90,
75.74,90,
75.380005,91,
75.56,90,
74.48,89,
73.4,94,
74.119995,92,
75.380005,88,
78.08,82,
80.6,75,
83.66,69,
85.1,65,
85.82,63,
84.020004,64,
81.32,69,
77,78,
73.94,86,
71.42,95,
71.24,98,
71.42,98,
72.32,96,
71.96,96,
72.14,95,
71.6,96,
72.5,95,
73.04,94,
74.119995,92,
73.94,92,
74.119995,92,
69.08,96,
70.7,96,
72.32,94,
75.02,90,
77.36,84,
80.96,74,
84.2,64,
87.8,56,
89.42,52,
89.24,52,
85.82,56,
81.68,64,
76.64,75,
73.76,85,
71.78,92,
72.14,93,
72.14,94,
72.86,92,
72.5,94,
72.5,94,
71.24,96,
70.7,96,
69.26,96,
69.26,96,
71.96,95,
71.78,98,
72.14,96,
72.86,94,
74.3,89,
75.92,83,
77.9,77,
79.34,74,
80.6,71,
80.96,70,
80.78,69,
79.880005,71,
78.8,72,
77.36,76,
75.92,80,
74.84,84,
74.119995,87,
73.58,89,
73.4,90,
73.04,92,
72.68,92,
72.32,94,
72.14,94,
71.96,95,
72.14,94,
72.32,98,
72.86,96,
74.119995,92,
75.74,82,
77.9,73,
80.24,64,
82.58,60,
84.560005,56,
86,55,
86.36,52,
85.46001,51,
83.479996,51,
80.78,56,
77.54,63,
74.84,74,
72.68,80,
71.78,86,
71.6,87,
72.14,90,
72.68,89,
73.04,92,
72.86,91,
72.5,94,
67.64,96,
67.82,95,
70.16,98,
74.119995,90,
79.52,74,
84.2,61,
87.8,48,
89.24,41,
89.42,37,
88.34,38,
87.439995,41,
86,48,
84.560005,57,
82.04,68,
79.52,76,
76.46,85,
74.3,87,
72.86,89,
72.68,87,
72.5,89,
72.5,88,
71.6,92,
70.34,91,
68.54,96,
68,95,
68.72,95,
71.24,96,
75.2,88,
80.24,69,
84.92,55,
88.7,40,
90.86,33,
91.76,27,
91.76,27,
91.4,26,
90.5,30,
89.24,34,
86.9,44,
83.66,54,
79.880005,67,
76.28,75,
73.22,85,
71.42,87,
70.52,92,
70.16,92,
69.8,95,
69.26,92,
68.36,96,
67.64,97,
69.08,96,
71.6,92,
74.84,83,
78.98,71,
83.479996,58,
87.439995,49,
90.14,42,
91.03999,40,
89.78,43,
87.26,48,
83.84,57,
80.96,66,
78.8,73,
77.9,76,
77.72,78,
77.72,80,
77,82,
75.56,86,
73.22,90,
70.7,94,
68.54,96,
67.28,96,
66.92,97,
69.44,93,
69.8,94,
71.78,88,
74.66,83,
78.8,72,
82.58,65,
86.36,54,
88.7,49,
90.14,43,
90.32,41,
89.78,40,
88.16,43,
86,47,
83.119995,57,
80.6,66,
78.26,75,
77,78,
76.28,78,
75.92,77,
75.02,80,
74.119995,82,
72.5,89,
71.06,91,
69.8,95,
72.32,90,
72.14,92,
73.4,88,
74.48,82,
77.36,70,
79.7,60,
82.76,50,
84.2,46,
85.82,44,
86,46,
86.9,46,
86.18,50,
85.46001,51,
82.94,56,
80.78,58,
78.08,63,
77.18,64,
75.74,69,
75.56,71,
74.119995,78,
73.4,82,
71.96,88,
71.96,89,
71.6,92,
70.880005,95,
71.24,92,
71.6,92,
71.6,92,
72.32,94,
73.58,92,
75.92,88,
78.44,79,
81.32,70,
83.119995,63,
84.020004,62,
83.479996,64,
82.22,70,
80.24,77,
78.44,85,
77,88,
76.28,90,
75.2,91,
74.3,91,
72.68,91,
71.42,92,
70.16,93,
69.98,96,
70.16,95,
73.22,94,
73.4,96,
74.84,92,
76.1,88,
78.619995,79,
80.6,73,
83.119995,66,
84.560005,64,
86.18,62,
86.53999,62,
86.9,61,
85.82,60,
84.2,62,
81.14,68,
78.619995,75,
76.28,84,
75.74,89,
75.380005,94,
75.92,91,
75.380005,91,
75.02,89,
73.76,90,
73.4,89,
72.68,94,
74.119995,84,
73.22,87,
73.04,87,
73.76,88,
75.74,83,
78.619995,77,
81.68,69,
84.020004,64,
85.64,59,
86.36,57,
86.53999,53,
86.18,54,
85.28,55,
83.66,61,
81.32,69,
78.08,79,
74.84,87,
71.96,96,
70.52,98,
70.34,95,
71.6,95,
73.04,92,
74.3,86,
74.66,85,
68.9,98,
68.72,95,
69.619995,98,
70.52,96,
72.86,88,
75.2,81,
78.08,73,
79.880005,70,
81.68,67,
82.4,67,
83.3,66,
82.94,68,
82.4,69,
80.24,76,
78.44,82,
76.28,89,
75.2,91,
73.94,94,
73.4,92,
71.96,93,
70.880005,93,
69.44,96,
69.08,96,
68.54,98,
71.24,95,
72.14,96,
72.86,95,
75.56,90,
77.72,82,
80.96,74,
82.76,68,
84.560005,65,
83.66,66,
81.68,71,
77.36,77,
74.119995,85,
70.880005,91,
70.52,96,
70.16,98,
70.880005,98,
69.98,98,
69.8,98,
68.9,97,
69.8,98,
70.34,96,
71.96,95,
71.78,94,
72.14,94,
67.28,98,
68.54,97,
69.619995,98,
72.68,94,
75.380005,89,
79.52,82,
82.76,74,
86.18,67,
86.72,64,
85.64,66,
81.5,72,
77.72,82,
73.76,94,
72.68,98,
71.96,95,
72.68,96,
71.6,96,
71.06,94,
69.08,96,
68.72,97,
67.82,98,
68.36,98,
67.64,98,
67.82,98,
69.8,96,
71.06,95,
71.24,96,
72.32,95,
72.68,96,
75.2,88,
77.9,81,
82.04,71,
84.020004,66,
84.560005,65,
81.32,72,
77.36,83,
73.04,96,
71.6,95,
71.24,95,
73.04,96,
73.4,95,
73.94,92,
72.32,95,
71.42,95,
69.619995,98,
69.44,96,
68.72,98,
69.619995,96,
70.52,96,
70.16,98,
69.619995,96,
69.44,98,
69.619995,96,
70.52,96,
71.96,95,
73.94,94,
75.56,89,
76.64,85,
76.64,81,
76.1,78,
75.02,78,
74.119995,82,
73.4,86,
73.04,92,
72.68,94,
72.68,94,
72.32,94,
72.14,93,
71.78,93,
71.6,95,
71.24,96,
71.06,96,
69.44,96,
69.619995,98,
69.8,95,
71.24,98,
73.22,92,
76.64,81,
80.06,71,
83.479996,62,
84.74,61,
84.020004,63,
80.6,73,
77,84,
73.4,95,
71.96,98,
71.6,96,
72.32,92,
72.14,92,
71.96,94,
70.880005,98,
70.52,98,
69.8,95,
70.16,96,
69.8,96,
69.98,94,
69.44,98,
69.98,98,
69.8,98,
71.6,95,
73.22,90,
77.18,79,
80.6,70,
84.92,61,
86.18,58,
85.64,60,
81.14,69,
76.64,79,
71.6,93,
69.8,95,
68.9,95,
70.16,98,
70.16,98,
70.7,96,
69.8,98,
70.16,98,
69.8,95,
70.7,98,
70.16,98,
70.34,96,
66.92,98,
67.64,98,
69.44,96,
72.32,92,
75.56,86,
78.44,80,
80.6,75,
81.68,72,
81.68,70,
80.96,70,
79.7,72,
78.44,74,
77,77,
75.74,80,
74.48,84,
73.4,88,
72.5,90,
71.96,92,
71.6,93,
71.24,94,
70.7,94,
69.8,95,
68.54,96,
67.46,97,
67.64,97,
68.54,96,
70.34,96,
73.04,92,
75.92,86,
79.16,79,
81.68,72,
83.66,65,
84.38,62,
84.020004,63,
82.4,68,
80.42,75,
78.08,85,
76.1,91,
74.3,96,
73.04,96,
71.96,96,
71.24,96,
70.52,96,
70.16,96,
69.619995,96,
69.08,96,
68.18,97,
67.82,96,
67.46,97,
67.64,95,
69.26,98,
71.78,95,
75.2,86,
78.44,80,
81.32,72,
82.94,68,
83.66,65,
83.3,65,
82.4,66,
80.78,71,
78.98,76,
76.82,83,
74.48,90,
72.5,96,
71.06,96,
70.16,98,
69.98,95,
69.98,95,
69.98,94,
69.44,96,
68.72,96,
67.82,98,
66.2,97,
67.82,93,
71.42,87,
74.84,81,
78.26,76,
80.06,73,
80.96,71,
80.6,71,
81.14,70,
81.68,70,
83.119995,71,
83.479996,72,
82.4,76,
78.8,82,
74.66,90,
70.52,96,
68.72,95,
68.18,95,
69.44,98,
69.98,96,
70.16,95,
68.54,96,
67.1,98,
65.66,98,
68.54,98,
68.54,97,
69.8,96,
71.24,93,
74.119995,90,
77,81,
80.24,74,
82.4,65,
84.38,59,
84.92,56,
85.46001,58,
84.38,63,
83.119995,71,
80.42,77,
77.9,83,
75.2,86,
73.76,89,
72.14,91,
71.6,93,
70.34,96,
69.8,98,
68.72,98,
68.54,98,
68.18,98,
68,98,
67.82,95,
69.08,95,
70.880005,98,
74.48,86,
77.9,74,
81.68,62,
83.66,54,
85.28,51,
85.28,54,
85.28,60,
84.2,68,
82.76,75,
79.880005,81,
77.36,83,
74.3,85,
72.5,87,
70.880005,90,
70.52,92,
69.619995,96,
69.44,96,
68.72,96,
68.72,95,
68,96,
66.56,96,
67.46,98,
70.16,96,
72.86,92,
76.64,82,
79.52,73,
82.4,63,
83.84,57,
85.46001,52,
86,51,
86.9,52,
86.36,56,
85.1,62,
82.04,69,
78.98,77,
75.74,84,
74.119995,89,
72.86,92,
72.5,92,
71.24,94,
69.98,95,
68,96,
66.92,95,
66.02,96,
70.52,96,
71.78,94,
73.4,89,
76.28,84,
78.98,76,
82.04,70,
84.2,64,
86.18,60,
86.72,57,
86.36,56,
84.560005,56,
82.4,59,
79.880005,63,
78.08,72,
76.28,80,
75.2,88,
73.76,91,
72.86,94,
71.96,92,
71.96,92,
71.6,93,
71.6,96,
70.880005,96,
70.7,98,
68,96,
69.08,95,
71.6,87,
74.84,82,
78.26,73,
81.14,67,
83.119995,61,
84.38,58,
85.1,55,
85.64,53,
85.64,51,
84.74,52,
82.4,55,
78.8,63,
74.48,73,
70.52,85,
68,90,
67.1,93,
67.64,91,
68.9,91,
69.8,91,
69.8,95,
69.08,96,
68.18,98,
63.32,96,
64.58,96,
67.46,86,
71.24,76,
75.380005,59,
78.8,49,
81.32,40,
82.76,38,
83.84,36,
84.560005,38,
84.92,37,
84.020004,40,
81.86,43,
77.9,54,
73.22,64,
68.54,80,
65.119995,88,
63.5,94,
63.5,90,
64.22,92,
64.94,90,
64.76,94,
64.04,94,
63.32,98,
57.38,96,
57.92,94,
61.16,96,
65.48,85,
71.24,65,
76.28,49,
80.6,36,
82.76,32,
84.560005,30,
84.92,33,
85.28,34,
83.66,40,
80.96,44,
75.92,54,
70.52,63,
65.3,78,
62.42,85,
60.980003,92,
61.7,89,
61.88,93,
62.239998,89,
60.8,93,
59.54,90,
57.739998,94,
56.3,96,
58.280003,97,
62.6,89,
67.46,80,
73.04,63,
77.18,51,
80.6,39,
82.04,35,
83.3,33,
83.479996,36,
83.84,38,
82.4,43,
79.880005,48,
74.84,58,
69.619995,68,
64.4,82,
61.519997,85,
60.08,89,
60.44,84,
60.260002,86,
59.9,85,
58.1,91,
56.84,91,
55.58,97,
54.32,96,
55.4,94,
59.18,97,
63.68,87,
69.8,66,
74.84,51,
79.52,36,
81.68,31,
83.84,28,
84.2,32,
84.92,35,
83.479996,42,
80.96,48,
75.56,61,
70.34,71,
64.76,85,
61.88,90,
59.9,95,
60.08,90,
59.18,92,
58.64,88,
56.48,91,
55.22,89,
53.78,94,
53.96,93,
56.3,88,
61.34,74,
66.92,63,
72.86,51,
77.18,43,
80.24,37,
81.5,35,
82.58,32,
83.3,32,
84.2,30,
83.3,33,
80.96,37,
75.92,47,
70.16,61,
64.4,78,
60.980003,87,
59.36,92,
59.719997,86,
59.719997,84,
59.18,83,
57.2,87,
55.22,90,
53.42,97,
54.32,96,
55.04,97,
58.64,91,
63.5,82,
70.34,66,
75.92,55,
80.78,46,
82.76,42,
84.2,39,
84.020004,40,
84.560005,40,
83.479996,42,
82.04,45,
77.9,52,
73.4,61,
68,74,
64.76,83,
62.42,89,
61.88,90,
60.8,92,
60.08,91,
57.92,94,
56.48,92,
54.5,96,
56.3,96,
56.3,94,
59.9,96,
64.04,89,
71.42,70,
77.18,58,
82.94,46,
84.560005,43,
86.18,38,
85.28,38,
86.18,34,
84.560005,35,
83.119995,37,
77.72,48,
73.22,60,
67.28,81,
65.119995,88,
62.96,96,
63.32,90,
61.7,92,
60.980003,88,
58.280003,95,
57.559998,91,
55.58,99,
57.92,96,
59.9,94,
64.22,84,
68.72,76,
74.3,64,
78.08,55,
81.68,46,
83.119995,42,
84.74,38,
85.28,36,
86.36,35,
85.1,37,
82.76,42,
77.36,53,
72.14,67,
66.92,84,
64.76,92,
63.5,95,
64.04,90,
63.32,90,
62.42,89,
59.719997,94,
58.280003,95,
56.84,99,
60.8,94,
62.42,86,
65.84,78,
69.44,70,
73.94,66,
77.36,62,
80.6,59,
82.22,54,
84.020004,48,
84.74,43,
85.64,40,
84.74,41,
82.58,45,
78.08,55,
73.4,67,
68.72,80,
66.2,88,
64.4,92,
64.4,89,
63.68,87,
63.14,87,
61.519997,90,
60.62,95,
59.9,97,
59.719997,94,
62.780003,83,
67.64,69,
72.5,61,
77,55,
80.06,52,
82.04,51,
83.119995,49,
84.2,46,
84.92,43,
85.1,42,
84.020004,43,
81.32,49,
77.18,60,
73.04,72,
69.26,83,
67.1,90,
66.380005,89,
66.2,87,
65.48,84,
64.04,86,
61.7,90,
59.54,97,
58.64,97,
60.980003,93,
62.780003,86,
66.02,74,
70.16,64,
74.119995,55,
77.54,50,
80.24,45,
82.4,42,
84.020004,38,
85.28,36,
85.46001,34,
84.38,35,
81.32,39,
76.82,49,
71.6,60,
66.92,74,
63.68,80,
62.42,84,
62.6,81,
63.32,83,
63.68,84,
63.14,91,
61.88,95,
60.980003,98,
56.12,91,
57.2,91,
61.34,77,
65.119995,72,
71.6,55,
76.28,47,
81.68,36,
83.84,33,
86.36,29,
86.72,30,
88.16,27,
86.36,31,
84.2,33,
78.44,43,
73.94,51,
69.08,63,
68.36,59,
67.64,59,
68.36,55,
65.84,66,
63.5,73,
59,94,
57.02,97,
54.86,94,
65.119995,63,
65.66,63,
65.66,67,
68.36,60,
70.880005,58,
75.74,49,
79.52,44,
83.479996,37,
83.3,39,
81.32,42,
75.74,58,
71.42,70,
68.18,81,
69.44,72,
71.42,64,
74.66,54,
74.66,56,
74.119995,58,
70.880005,68,
69.44,66,
67.46,66,
67.64,57,
66.56,58,
66.56,56,
70.880005,69,
69.98,70,
70.52,68,
70.880005,67,
73.94,61,
76.82,57,
80.6,53,
82.04,52,
83.479996,51,
82.76,53,
82.94,53,
81.86,53,
81.68,54,
80.06,58,
79.34,63,
77.9,69,
77.9,72,
76.64,76,
75.92,76,
73.58,77,
72.32,74,
70.52,74,
70.7,70,
70.34,70,
68.54,91,
69.8,88,
72.32,82,
75.2,77,
78.619995,70,
81.5,65,
84.2,60,
86,56,
87.08,54,
87.439995,52,
87.08,52,
85.64,54,
83.479996,58,
80.42,65,
77.36,73,
74.84,81,
73.4,86,
72.5,89,
72.32,88,
71.78,87,
71.06,86,
69.8,88,
68.72,89,
68.18,90,
69.26,96,
68.9,95,
69.98,98,
71.24,96,
75.02,85,
78.44,74,
82.76,62,
84.74,56,
86.18,52,
85.28,54,
84.74,57,
82.76,62,
81.5,67,
79.16,74,
78.08,78,
76.64,81,
76.64,82,
75.74,83,
75.2,84,
72.86,88,
71.42,90,
69.44,93,
69.26,92,
68.72,95,
72.32,92,
71.6,96,
72.5,92,
74.48,85,
78.08,73,
81.32,64,
83.84,58,
84.2,57,
83.66,59,
82.04,64,
81.14,67,
80.24,71,
80.24,71,
79.52,74,
78.44,78,
76.46,83,
74.66,87,
72.68,92,
71.96,92,
71.6,92,
72.32,90,
72.68,90,
73.22,87,
72.68,91,
71.6,96,
72.32,95,
73.4,92,
74.119995,90,
75.56,86,
77,81,
79.16,75,
80.96,70,
82.76,65,
83.479996,64,
83.66,64,
82.4,67,
80.6,71,
77.9,78,
76.1,83,
74.66,88,
74.48,89,
74.3,89,
74.3,88,
73.22,89,
72.14,92,
70.880005,95,
70.52,96,
70.7,96,
71.96,95,
72.14,94,
71.6,95,
71.96,94,
72.32,92,
74.3,85,
77,76,
80.96,64,
83.84,57,
85.64,53,
84.38,55,
82.22,60,
78.619995,70,
76.28,78,
74.48,85,
74.119995,87,
73.58,89,
73.58,89,
73.04,92,
73.22,92,
72.68,95,
72.86,95,
72.32,96,
72.5,95,
70.34,92,
69.98,96,
70.52,98,
72.68,94,
75.56,82,
79.34,70,
82.4,58,
84.92,52,
86,50,
86,52,
84.74,57,
83.3,63,
81.32,69,
79.7,75,
77.54,79,
75.56,83,
73.22,85,
71.78,89,
70.880005,91,
71.24,94,
71.96,93,
72.68,92,
72.32,90,
71.6,91,
70.16,95,
71.42,94,
71.24,96,
73.4,92,
74.3,87,
78.26,75,
81.32,65,
86.18,56,
87.26,52,
86.72,53,
80.96,59,
75.56,69,
69.44,82,
68,88,
67.46,91,
69.8,87,
69.619995,88,
70.34,88,
68.72,93,
69.44,94,
68.9,97,
70.52,95,
69.98,96,
71.06,92,
69.26,96,
69.619995,96,
71.24,91,
72.14,87,
73.94,82,
75.02,76,
77,69,
78.26,65,
80.78,60,
82.76,59,
85.1,57,
85.28,58,
84.2,60,
80.42,67,
76.64,73,
72.86,81,
71.42,85,
70.52,89,
71.24,88,
70.880005,91,
70.7,91,
69.44,95,
69.08,96,
68.54,97,
68.72,89,
68.18,90,
68.9,89,
70.52,86,
72.86,81,
75.380005,76,
77.72,70,
79.52,66,
80.78,62,
81.68,60,
82.04,60,
81.32,61,
79.52,65,
76.64,70,
73.4,77,
70.52,83,
68.72,88,
68.36,89,
69.26,89,
70.52,87,
71.78,85,
71.96,85,
71.24,86,
69.98,87,
66.2,95,
66.380005,97,
68,93,
70.16,89,
74.119995,78,
77.54,69,
81.32,59,
83.3,55,
84.92,51,
84.92,50,
85.1,48,
84.020004,50,
83.119995,49,
80.78,55,
79.16,59,
77,66,
76.28,70,
74.84,76,
74.119995,79,
71.96,87,
70.34,89,
68,95,
67.1,93,
65.84,96,
66.56,95,
66.380005,98,
67.82,95,
70.16,89,
74.119995,77,
77.72,67,
81.32,57,
83.119995,51,
84.38,47,
84.2,46,
84.020004,44,
82.76,47,
81.32,51,
78.44,59,
75.56,68,
72.32,79,
70.16,85,
68.36,90,
68,89,
67.46,91,
67.64,89,
67.28,91,
67.28,90,
66.56,93,
62.6,94,
62.06,94,
63.68,96,
66.56,93,
70.7,77,
74.48,65,
77.72,51,
79.7,45,
80.96,40,
81.68,40,
82.04,39,
81.32,42,
79.16,45,
75.2,53,
69.98,60,
64.76,71,
60.980003,76,
59.36,83,
60.08,84,
62.06,90,
64.4,90,
65.48,95,
65.3,92,
63.86,95,
54.32,91,
55.22,93,
59,83,
63.32,73,
69.08,56,
73.4,45,
77.36,35,
78.98,32,
80.78,30,
81.32,32,
82.58,31,
81.5,34,
79.16,37,
73.58,47,
67.64,58,
61.519997,75,
58.46,84,
56.84,91,
57.92,86,
58.280003,87,
58.64,84,
57.2,87,
55.940002,87,
54.14,93,
51.26,94,
52.7,97,
56.84,88,
61.88,79,
68.18,60,
73.04,47,
77.36,35,
79.16,29,
80.96,24,
81.32,24,
82.04,22,
80.42,26,
77.72,30,
71.96,42,
66.2,54,
60.08,73,
56.84,81,
55.22,88,
55.76,83,
55.76,85,
55.76,83,
53.96,90,
52.52,90,
50.9,96,
49.28,90,
50.72,92,
55.22,81,
60.08,71,
67.1,53,
72.14,43,
77,33,
78.619995,31,
80.42,27,
80.6,28,
81.86,26,
80.42,28,
78.08,31,
71.78,42,
65.66,55,
59,76,
56.12,85,
53.96,93,
54.68,87,
53.78,89,
53.24,86,
50.72,93,
49.64,90,
48.2,95,
48.2,95,
48.559998,93,
53.059998,96,
57.559998,90,
65.48,64,
71.24,49,
77.36,34,
79.34,30,
81.68,26,
81.68,27,
83.3,25,
81.86,28,
79.7,30,
72.86,42,
66.92,54,
60.08,75,
57.92,78,
56.12,84,
57.2,75,
55.58,82,
54.68,80,
51.08,93,
49.82,89,
47.3,93,
50.18,87,
51.62,84,
55.940002,74,
60.8,65,
67.46,51,
72.5,43,
77.36,35,
79.7,30,
82.22,26,
83.119995,25,
84.38,25,
83.3,28,
80.6,33,
74.66,44,
68.18,57,
61.519997,73,
57.739998,82,
55.4,86,
55.4,83,
54.86,81,
54.5,80,
52.52,84,
51.26,85,
49.64,89,
50,88,
47.66,93,
50.18,94,
53.6,94,
62.42,70,
69.8,54,
77.72,38,
80.06,32,
82.22,28,
80.96,28,
82.04,28,
80.24,32,
79.16,36,
73.4,46,
68.54,57,
61.88,72,
59.54,77,
57.02,82,
57.92,76,
56.3,79,
57.92,75,
56.84,81,
55.940002,85,
54.5,90,
53.6,80,
53.42,84,
56.84,78,
60.62,72,
68,61,
73.58,54,
79.880005,46,
82.04,43,
84.020004,40,
83.3,39,
84.020004,38,
82.04,38,
80.24,39,
74.66,44,
70.34,49,
64.76,58,
62.96,66,
61.16,72,
61.519997,73,
59.54,76,
58.46,76,
55.4,79,
54.68,78,
52.88,81,
56.48,80,
57.559998,77,
61.16,70,
65.119995,62,
70.7,55,
75.02,50,
79.16,47,
80.78,46,
82.4,44,
82.4,43,
82.94,41,
81.5,41,
79.52,44,
75.02,50,
70.7,59,
66.2,69,
64.04,75,
62.6,77,
62.6,74,
61.519997,71,
60.62,69,
58.280003,72,
57.2,75,
55.76,80,
56.12,81,
56.48,82,
59.36,77,
62.96,71,
68.9,60,
73.94,52,
78.98,46,
81.5,44,
83.479996,42,
83.66,42,
84.2,41,
82.58,43,
80.6,44,
75.92,48,
71.78,53,
66.92,61,
64.58,68,
62.780003,72,
62.780003,73,
61.519997,74,
60.8,73,
58.64,74,
57.559998,76,
55.940002,79,
54.32,87,
55.76,90,
59.719997,83,
64.4,76,
69.98,62,
74.3,53,
78.08,44,
80.06,41,
81.86,40,
82.76,40,
83.66,40,
82.76,42,
80.6,42,
76.1,48,
71.24,54,
66.2,65,
63.32,69,
61.7,74,
61.7,73,
61.16,76,
60.44,75,
58.280003,80,
56.3,80,
54.32,86,
54.32,90,
55.04,92,
58.46,84,
61.88,79,
67.82,65,
72.5,56,
77.72,46,
80.06,43,
82.58,39,
82.76,40,
83.479996,39,
81.68,42,
79.52,45,
74.48,53,
70.34,59,
65.84,67,
64.22,68,
62.6,71,
62.6,69,
60.44,75,
58.82,78,
55.76,87,
54.68,88,
53.24,93,
55.4,87,
55.940002,86,
59.36,77,
63.86,65,
70.16,54,
75.56,45,
80.24,39,
82.22,36,
83.3,35,
82.76,36,
82.4,37,
80.78,39,
78.44,43,
73.94,49,
69.44,56,
64.58,64,
61.7,70,
59.719997,74,
59.719997,73,
59.36,73,
59.36,72,
58.1,75,
57.2,78,
55.58,84,
54.68,77,
55.4,76,
58.64,73,
61.519997,68,
67.28,61,
71.78,53,
77,46,
79.16,40,
81.5,36,
81.32,34,
82.22,35,
80.06,38,
77.9,42,
72.5,49,
68.18,54,
63.5,60,
62.42,63,
60.8,66,
60.980003,67,
58.46,72,
57.02,73,
53.96,78,
53.6,79,
52.88,79,
48.92,87,
50.72,86,
55.4,76,
61.16,67,
67.64,55,
72.68,47,
76.64,40,
78.8,37,
80.24,35,
80.96,35,
81.5,35,
80.24,38,
77.72,40,
72.86,46,
67.28,53,
61.88,62,
58.46,68,
56.48,74,
56.48,75,
56.3,79,
55.76,80,
53.6,85,
51.26,85,
49.1,89,
48.74,92,
49.82,95,
53.6,88,
57.92,80,
64.22,65,
69.44,55,
74.84,44,
77.9,41,
80.6,37,
81.32,37,
82.04,37,
80.06,39,
77.18,41,
71.6,48,
66.56,54,
61.519997,65,
59.18,69,
57.559998,74,
57.559998,72,
56.12,75,
54.68,77,
51.8,83,
50,85,
48.2,92,
49.46,87,
50.18,90,
53.6,85,
58.280003,78,
64.58,65,
69.98,56,
74.84,48,
77.36,45,
79.16,44,
79.52,45,
79.880005,45,
78.619995,47,
76.64,48,
72.32,54,
67.82,60,
62.6,71,
59.18,78,
56.84,85,
56.12,85,
55.22,85,
54.68,81,
52.88,82,
51.440002,81,
49.64,85,
51.26,94,
50.9,99,
53.42,97,
56.84,90,
63.5,74,
69.619995,61,
76.28,50,
79.880005,44,
82.94,41,
83.3,41,
83.84,41,
81.86,44,
79.52,47,
74.3,53,
69.8,59,
64.76,68,
62.42,75,
60.260002,81,
59.9,83,
57.92,88,
56.84,87,
54.32,89,
53.24,89,
51.26,93,
52.88,93,
51.98,94,
54.5,97,
58.280003,90,
65.66,72,
72.14,60,
78.8,49,
81.5,46,
83.3,45,
82.4,47,
82.58,47,
80.78,49,
79.16,51,
74.66,56,
70.7,62,
65.66,73,
63.32,78,
60.980003,83,
60.8,82,
59,85,
58.46,82,
56.12,85,
55.4,84,
53.24,90,
53.059998,92,
51.98,95,
54.32,90,
57.92,86,
65.119995,73,
71.42,64,
77.72,55,
80.24,51,
82.04,47,
81.32,46,
81.5,45,
79.52,47,
77.72,50,
72.86,56,
68.54,62,
63.32,69,
60.980003,71,
59,75,
59.36,75,
58.46,80,
58.64,83,
56.84,90,
56.12,89,
53.78,93,
53.24,86,
53.96,86,
57.38,76,
61.519997,69,
67.28,58,
71.96,51,
76.28,44,
78.08,42,
79.52,39,
79.52,39,
79.880005,37,
78.44,39,
76.46,40,
71.96,48,
67.28,55,
62.239998,67,
59.36,71,
57.559998,74,
57.559998,72,
57.02,75,
56.84,77,
55.4,85,
54.5,86,
53.059998,90,
51.440002,82,
52.88,80,
56.66,71,
61.16,65,
66.74,55,
71.06,50,
74.66,45,
76.46,43,
77.9,41,
78.44,40,
78.98,38,
78.08,40,
75.92,43,
71.6,51,
66.74,61,
61.88,74,
58.82,79,
57.02,81,
56.84,77,
56.3,77,
55.76,76,
53.96,80,
52.52,82,
51.08,85,
47.84,90,
48.74,93,
52.88,80,
57.559998,70,
64.4,53,
69.619995,42,
74.3,34,
76.1,32,
77.72,30,
77.72,31,
78.8,29,
77.72,30,
75.92,31,
70.7,39,
65.48,46,
59.36,60,
56.12,66,
53.78,73,
53.96,70,
53.059998,75,
52.7,74,
50.54,83,
49.28,84,
47.48,91,
49.1,82,
49.64,83,
53.24,76,
57.2,68,
63.86,55,
69.08,45,
74.3,37,
76.1,34,
77.9,31,
77.36,31,
78.08,31,
76.46,34,
74.48,37,
69.26,44,
64.58,51,
59,62,
56.84,67,
54.86,72,
55.04,71,
53.6,72,
52.88,73,
50.36,77,
49.64,78,
48.2,83,
47.48,85,
48.02,87,
51.440002,81,
55.4,75,
61.88,64,
67.28,57,
72.68,51,
75.380005,47,
77.9,43,
78.26,43,
78.98,41,
77.54,43,
75.56,44,
70.880005,49,
66.380005,56,
61.519997,65,
59.18,70,
57.2,73,
56.84,73,
55.04,75,
53.6,75,
50.72,80,
49.1,81,
47.3,85,
48.2,88,
48.02,92,
50.54,88,
54.14,81,
60.62,68,
67.1,56,
73.76,47,
77.9,43,
80.96,42,
81.68,42,
82.04,43,
80.24,45,
78.08,47,
73.76,51,
69.619995,55,
65.119995,62,
62.42,67,
59.719997,73,
58.46,75,
56.12,80,
54.5,80,
51.8,84,
50.36,83,
48.559998,87,
52.16,89,
50.72,97,
53.059998,91,
56.12,85,
63.86,65,
70.52,53,
77.72,43,
80.42,41,
82.94,37,
82.4,37,
83.84,34,
82.94,35,
82.4,35,
77.72,42,
73.58,49,
67.28,63,
64.22,68,
60.44,76,
59.719997,72,
57.02,76,
56.48,74,
54.14,81,
54.14,79,
52.16,89,
55.4,96,
54.86,94,
56.3,97,
59.36,90,
65.119995,74,
71.42,60,
77.72,49,
81.68,43,
84.020004,39,
84.020004,39,
83.66,39,
82.04,41,
80.78,42,
78.26,46,
75.92,50,
72.68,56,
69.98,61,
66.56,69,
64.04,74,
61.16,84,
59.36,88,
57.559998,94,
57.02,92,
55.76,96,
57.92,90,
57.739998,91,
59,91,
61.88,85,
66.92,75,
73.04,61,
79.16,50,
83.479996,41,
85.28,38,
84.560005,37,
82.04,41,
78.98,47,
76.28,53,
74.3,56,
72.86,58,
71.6,58,
69.98,62,
67.64,68,
65.119995,77,
62.6,83,
60.980003,86,
59.719997,86,
59,87,
58.46,86,
59.719997,88,
59.54,90,
60.8,88,
63.32,83,
67.82,72,
72.86,61,
78.08,50,
81.86,42,
84.2,36,
84.560005,33,
84.020004,33,
82.22,36,
80.24,40,
77.36,47,
74.3,55,
70.880005,63,
68,70,
64.94,77,
62.96,81,
61.16,86,
60.62,87,
60.08,88,
60.08,87,
59.719997,88,
57.2,90,
55.76,96,
57.02,92,
59.719997,86,
65.66,70,
71.24,60,
76.82,50,
78.98,48,
80.06,45,
79.16,46,
79.52,43,
79.16,42,
79.7,40,
77.9,44,
75.56,49,
71.24,58,
67.82,65,
63.86,74,
61.88,78,
59.719997,86,
59.54,86,
58.64,90,
59,87,
57.739998,90,
56.3,94,
56.12,97,
57.92,94,
60.44,87,
65.48,73,
70.52,60,
75.92,47,
78.98,40,
80.96,35,
80.42,34,
79.7,35,
77.36,39,
75.56,44,
72.86,50,
71.42,54,
69.44,58,
68.72,59,
67.1,63,
65.84,66,
62.96,73,
60.8,80,
58.1,88,
57.2,91,
56.12,94,
61.16,81,
59.9,88,
60.62,86,
62.6,81,
66.56,67,
70.34,56,
74.119995,45,
76.1,41,
77.36,38,
77.18,40,
77.18,40,
76.1,44,
75.2,45,
73.04,48,
71.06,47,
68.54,48,
67.28,45,
66.2,46,
66.2,46,
65.84,52,
66.02,57,
65.119995,66,
64.22,70,
62.42,77,
57.2,70,
55.58,78,
56.48,78,
58.280003,71,
62.96,59,
67.28,50,
71.96,45,
73.94,44,
75.92,44,
76.1,45,
77.36,45,
77.18,44,
77,45,
74.119995,48,
71.24,55,
67.28,65,
65.3,74,
63.32,78,
63.32,74,
62.239998,66,
62.06,57,
60.62,52,
60.08,53,
58.1,60,
61.519997,82,
60.44,85,
61.519997,82,
63.32,78,
67.82,70,
71.78,65,
76.1,61,
78.08,61,
79.7,58,
79.880005,55,
80.78,48,
79.880005,45,
78.8,43,
75.02,47,
70.880005,55,
65.84,67,
62.96,75,
60.62,81,
60.8,79,
60.8,78,
62.06,74,
62.239998,75,
62.96,75,
61.88,80,
55.04,93,
55.04,91,
56.3,89,
57.92,88,
61.88,87,
66.92,81,
73.4,75,
78.8,63,
83.479996,53,
85.28,44,
85.64,40,
83.479996,40,
81.14,43,
78.08,49,
76.28,58,
74.84,64,
74.48,70,
72.86,72,
70.52,75,
66.2,76,
62.239998,79,
58.1,83,
56.12,88,
54.86,91,
66.2,85,
64.94,92,
64.94,95,
66.74,90,
70.7,79,
75.56,66,
80.24,56,
82.94,50,
84.020004,48,
83.119995,49,
81.68,53,
79.880005,57,
78.44,61,
76.64,65,
74.84,70,
72.32,74,
69.8,80,
67.28,85,
65.84,89,
65.3,88,
66.02,84,
66.92,79,
67.64,77,
67.28,79,
60.8,96,
60.08,94,
61.16,94,
64.04,96,
68.9,85,
74.48,71,
79.52,59,
82.76,52,
84.560005,47,
84.560005,46,
84.2,46,
83.3,47,
82.4,48,
80.78,50,
78.44,54,
75.2,59,
71.78,66,
68.36,75,
65.84,84,
64.22,90,
